base_unit_cost,competitor_price_ratio,historical_demand_index,promotional_lift_pct,inventory_coverage_days,macro_seasonality_factor,optimal_target_price
52.451,1.078,549.517,0.0,54,1.11,92.17
42.926,1.114,377.898,0.221,17,0.96,13.93
54.715,1.083,445.148,0.135,19,0.75,60.17
67.845,1.242,575.641,0.09,53,1.061,77.6
41.488,0.907,578.217,0.189,47,1.11,53.74
41.488,0.948,700.545,0.242,60,1.145,66.63
68.688,0.934,487.662,0.0,30,1.07,82.67
56.512,1.175,545.968,0.155,24,0.946,36.62
37.958,1.185,434.339,0.006,23,1.199,27.08
53.138,1.118,527.298,0.16,44,1.013,53.15
38.049,1.228,565.923,0.13,19,0.907,39.11
38.014,0.873,485.254,0.171,7,0.964,16.94
48.629,1.3,229.437,0.08,20,0.651,45.87
16.301,1.278,549.721,0.0,19,0.964,39.25
19.126,1.16,554.684,0.084,6,1.138,9.22
36.566,1.317,397.974,0.153,56,1.068,50.13
29.808,0.802,307.342,0.201,9,1.304,-26.88
49.714,0.971,721.382,0.026,27,0.947,86.09
31.38,0.94,573.717,0.202,39,1.097,42.11
23.815,1.158,465.638,0.068,42,1.159,44.34
66.985,0.892,329.445,0.149,42,1.469,13.31
41.613,1.164,376.728,0.079,45,1.029,57.71
46.013,1.256,695.389,0.135,11,0.791,54.35
23.629,1.154,520.649,0.191,21,1.17,-0.42
36.834,1.093,417.412,0.022,53,1.373,45.54
46.664,0.902,576.453,0.066,11,0.935,56.93
27.735,0.923,377.84,0.135,25,1.168,11.21
50.635,1.237,725.126,0.312,33,1.246,1.27
35.99,1.167,702.92,0.051,34,1.203,54.73
40.625,1.044,430.014,0.283,54,1.025,42.23
35.974,0.987,405.699,0.28,33,0.86,28.84
72.784,0.746,107.28,0.112,19,0.984,26.61
44.798,0.889,277.763,0.096,50,1.092,54.0
29.134,1.337,299.08,0.065,41,1.182,19.5
57.338,0.858,520.279,0.115,60,1.067,92.48
26.687,1.078,451.065,0.007,24,0.924,53.6
48.133,1.201,298.2,0.114,37,1.111,25.82
15.605,0.862,457.825,0.24,32,1.172,8.6
25.077,1.078,575.801,0.071,55,1.076,72.55
47.953,1.191,579.176,0.101,53,0.833,97.46
56.077,1.052,215.049,0.0,42,0.964,65.0
47.571,1.48,480.76,0.15,39,1.19,18.73
43.265,0.8,292.499,0.141,28,0.723,57.01
40.483,1.209,635.259,0.125,60,0.581,120.66
22.822,1.024,617.622,0.103,8,1.302,4.93
34.202,1.166,365.296,0.097,36,1.102,41.15
38.09,1.116,385.093,0.16,58,1.121,42.76
60.857,0.94,430.81,0.118,34,0.785,75.88
50.154,1.084,162.081,0.145,27,1.148,3.19
18.554,0.771,550.395,0.137,53,1.055,73.02
49.861,1.14,459.073,0.21,15,0.683,43.04
39.224,1.095,645.526,0.174,40,1.285,29.26
34.846,1.146,335.239,0.135,40,1.032,36.1
54.175,1.209,407.132,0.241,4,0.921,-7.06
60.465,1.105,274.021,0.154,60,0.924,73.32
58.969,1.072,349.356,0.224,58,0.597,89.55
32.412,0.918,322.703,0.169,7,1.119,-9.56
40.362,0.943,649.396,0.0,13,1.052,61.72
49.969,1.228,395.261,0.224,13,0.961,-2.13
59.633,1.265,518.626,0.131,26,1.256,15.15
37.812,1.014,442.885,0.116,16,0.723,47.5
42.215,1.057,309.58,0.143,47,0.881,55.98
28.405,0.914,474.755,0.092,32,0.83,71.7
27.057,1.226,589.865,0.138,42,0.944,55.89
57.188,1.15,318.836,0.073,49,1.013,60.44
65.344,1.341,621.367,0.222,46,1.086,46.31
43.92,0.918,372.542,0.111,37,0.931,57.79
60.053,0.993,427.552,0.089,23,0.825,65.35
50.425,1.085,579.602,0.046,57,1.337,67.37
35.323,1.147,400.485,0.142,7,1.482,-38.48
50.421,1.018,505.636,0.135,40,1.029,62.24
68.071,0.919,452.796,0.151,4,0.849,36.26
44.463,1.182,519.405,0.038,42,1.295,49.97
68.47,1.158,142.889,0.0,39,0.711,83.4
10.0,0.913,225.548,0.17,56,0.933,50.15
57.329,1.253,592.395,0.239,51,0.861,72.09
46.306,1.226,655.577,0.038,60,0.768,123.72
40.515,1.07,363.427,0.247,36,0.944,25.8
46.376,1.062,463.396,0.143,13,0.827,39.16
15.186,1.133,544.208,0.119,38,1.003,53.62
41.705,0.921,603.983,0.088,13,1.005,47.56
50.357,1.055,195.848,0.009,11,0.876,41.18
67.168,0.727,367.094,0.199,8,0.926,29.57
37.226,1.181,450.113,0.058,58,0.954,85.87
32.873,0.816,605.471,0.058,36,1.162,61.35
37.474,1.276,874.765,0.199,60,0.97,88.99
58.731,1.0,465.799,0.0,49,1.165,78.23
49.931,1.018,288.953,0.0,39,1.117,57.04
37.054,0.956,560.34,0.119,34,1.114,51.2
52.699,1.007,698.149,0.143,14,1.278,19.86
46.456,1.263,516.202,0.159,47,0.776,75.54
59.53,0.677,364.003,0.096,34,0.905,76.97
34.469,1.242,643.699,0.322,19,1.353,-32.98
40.085,1.101,599.532,0.102,6,0.949,38.66
39.118,0.869,346.088,0.102,44,0.5,100.69
23.047,0.889,557.214,0.056,35,0.959,78.8
49.442,1.301,649.59,0.13,45,1.027,63.59
48.916,0.908,677.284,0.169,50,0.5,133.01
45.077,0.877,490.033,0.216,45,1.267,32.67
41.481,1.221,446.288,0.001,11,0.857,48.89
23.769,1.101,684.091,0.1,36,1.066,60.76
38.69,0.909,318.476,0.156,41,0.955,52.5
39.859,1.082,565.787,0.167,53,0.742,92.01
32.966,0.896,294.496,0.121,32,0.786,61.59
42.581,1.215,659.806,0.163,52,0.813,84.72
51.061,1.209,461.293,0.055,22,1.217,22.23
73.293,1.13,690.287,0.245,41,0.97,64.46
47.619,1.104,573.712,0.199,25,0.896,46.71
48.863,1.314,316.517,0.012,43,0.813,76.65
43.883,1.05,713.694,0.034,46,1.239,73.44
16.218,0.873,732.687,0.036,37,1.293,63.72
44.602,1.117,632.343,0.174,25,1.237,16.68
45.903,1.363,385.762,0.017,56,1.098,71.43
81.949,0.898,454.098,0.094,60,1.058,93.88
42.115,0.996,521.814,0.156,50,0.757,85.54
49.523,1.112,394.443,0.115,41,0.951,52.97
44.479,1.042,753.852,0.141,25,0.863,71.29
27.47,0.903,521.649,0.035,60,0.635,134.17
62.142,1.218,94.498,0.168,39,1.211,5.39
56.279,1.398,550.903,0.071,59,0.861,91.71
56.865,1.079,447.776,0.094,25,1.239,23.1
31.359,0.914,488.761,0.139,41,1.176,39.1
66.042,0.818,444.707,0.128,30,1.111,45.88
23.972,1.089,621.057,0.122,21,1.123,34.38
53.803,1.216,667.953,0.06,51,0.877,98.07
77.857,1.121,542.458,0.096,50,1.372,51.99
30.142,1.05,449.103,0.12,32,1.009,43.59
36.506,0.962,493.799,0.01,23,1.06,53.93
46.495,0.886,502.94,0.083,26,0.87,71.06
37.448,1.175,379.635,0.151,23,0.814,32.28
21.74,1.187,586.839,0.018,28,1.095,55.03
46.028,0.818,569.006,0.213,53,1.044,76.96
29.065,1.288,731.066,0.222,59,0.842,83.14
52.104,1.136,688.302,0.02,52,0.712,137.86
31.209,1.26,397.149,0.229,53,0.746,58.96
68.249,0.849,623.045,0.109,38,1.239,62.26
33.251,0.845,357.357,0.153,28,0.877,51.55
40.169,1.028,604.39,0.08,35,0.932,72.97
57.203,1.125,422.508,0.194,38,1.29,8.07
26.537,1.319,346.512,0.152,6,0.776,3.35
48.412,1.156,542.007,0.055,11,0.855,57.76
64.607,1.014,98.815,0.027,10,0.846,29.65
20.888,0.896,237.354,0.003,4,1.324,-12.31
47.77,1.235,473.376,0.135,31,1.399,-2.37
48.898,0.905,512.366,0.166,25,1.15,32.38
56.727,1.294,444.602,0.172,8,1.157,-13.66
26.446,1.007,263.085,0.111,57,0.884,69.01
25.193,1.289,377.316,0.027,45,1.389,22.19
52.829,1.152,558.681,0.065,38,1.054,60.37
49.455,1.029,587.267,0.212,48,1.171,46.02
48.757,0.972,497.567,0.081,23,0.979,57.68
50.197,0.999,673.525,0.131,24,0.946,62.68
34.8,1.114,559.61,0.034,11,1.333,9.88
48.484,1.062,387.882,0.147,36,1.108,33.63
49.396,0.961,457.925,0.083,59,1.29,61.35
34.285,1.025,289.57,0.204,28,1.051,16.89
72.987,1.062,483.779,0.182,3,0.83,25.58
52.107,0.731,666.815,0.08,38,0.883,103.12
27.13,1.119,602.794,0.11,46,1.021,67.22
54.848,0.903,710.301,0.076,7,0.875,68.74
30.38,0.877,454.567,0.006,43,0.779,106.32
56.806,0.797,701.915,0.051,24,1.24,59.27
62.379,0.781,471.004,0.136,6,0.891,42.55
32.69,0.847,720.738,0.146,50,1.028,87.29
59.451,0.944,496.721,0.132,4,1.059,11.02
51.192,1.343,606.085,0.096,18,0.882,41.69
57.331,0.971,721.267,0.195,18,1.29,16.41
73.452,1.077,470.986,0.125,55,0.777,99.05
41.319,1.11,532.758,0.176,58,1.052,61.38
33.694,1.07,693.33,0.0,58,1.049,109.39
31.657,1.038,480.05,0.0,24,0.989,58.0
32.763,0.871,301.866,0.143,45,0.741,74.16
43.843,1.268,821.451,0.006,3,1.174,30.96
50.117,1.321,429.535,0.103,17,1.149,7.49
49.15,0.798,523.813,0.096,26,0.865,64.18
57.408,0.896,673.401,0.247,6,1.141,8.76
45.195,1.008,408.726,0.152,20,1.075,19.85
66.803,0.905,348.82,0.133,19,0.744,58.3
41.03,1.126,538.061,0.187,9,0.829,22.27
85.803,0.941,231.039,0.149,52,1.228,43.45
54.385,1.375,456.814,0.083,47,1.062,50.76
32.143,1.229,536.756,0.206,54,0.887,61.47
28.937,1.082,459.507,0.031,54,0.828,100.62
52.237,1.204,268.482,0.146,12,0.897,18.24
41.648,1.216,739.127,0.0,3,0.911,56.13
55.71,0.965,515.531,0.136,4,0.831,36.07
52.099,0.928,714.673,0.135,51,0.652,125.76
43.908,1.062,460.995,0.254,24,1.228,-2.12
32.298,1.179,367.998,0.0,34,1.194,38.76
22.277,1.071,540.377,0.072,31,0.745,86.95
38.302,0.813,467.632,0.186,37,1.027,45.97
57.846,0.93,323.336,0.147,19,0.82,43.74
48.211,1.039,720.468,0.134,14,0.948,55.84
26.314,1.039,406.659,0.044,26,0.931,56.59
47.598,1.346,223.96,0.073,32,0.914,27.56
50.78,0.842,699.225,0.22,46,1.401,38.14
31.742,1.126,424.355,0.116,32,0.912,52.5
47.306,1.273,408.826,0.15,22,0.838,44.05
45.873,1.391,235.192,0.111,44,0.847,49.07
27.855,0.989,761.141,0.025,9,1.209,37.19
50.367,1.124,306.578,0.195,44,0.67,62.83
53.412,1.135,508.767,0.16,52,0.847,88.35
61.246,1.079,636.893,0.304,56,1.289,37.01
60.807,1.035,563.258,0.039,40,1.049,75.36
24.335,1.115,491.052,0.186,9,1.038,0.49
30.933,0.67,244.75,0.015,51,1.426,44.31
52.726,1.152,378.541,0.133,32,1.049,34.71
52.707,1.069,528.17,0.198,14,0.858,30.44
52.726,1.017,381.924,0.0,51,0.944,89.94
102.791,1.357,530.504,0.104,33,0.773,74.58
53.563,0.949,602.262,0.075,20,1.251,38.93
62.033,0.99,644.375,0.064,48,1.115,84.32
59.31,1.349,316.073,0.151,45,1.225,19.17
54.771,0.925,829.497,0.21,4,1.243,18.62
40.271,0.967,615.122,0.109,55,0.917,98.19
56.385,1.028,499.743,0.136,35,0.811,72.4
33.408,1.176,663.43,0.129,13,0.99,33.21
41.448,1.081,854.811,0.12,36,0.825,96.2
37.72,0.856,284.192,0.033,18,1.033,40.16
46.228,0.97,466.211,0.209,56,1.226,44.79
79.72,0.959,143.235,0.144,37,0.966,39.62
16.991,1.038,528.898,0.152,54,1.03,66.96
55.294,1.114,554.809,0.055,35,0.981,75.24
20.809,1.113,494.126,0.083,23,1.161,17.72
37.921,0.784,401.82,0.106,22,0.866,60.86
61.334,1.21,192.573,0.0,10,0.561,61.8
45.964,1.088,556.03,0.0,53,1.094,90.01
28.834,1.258,718.315,0.072,28,1.198,43.16
34.27,1.117,411.347,0.162,35,1.089,24.85
55.194,1.215,566.009,0.068,28,0.872,70.85
34.045,1.12,264.778,0.038,39,0.773,68.62
48.247,1.252,568.582,0.055,32,1.099,45.05
45.684,1.128,440.993,0.084,33,1.028,44.37
35.226,1.035,385.637,0.092,35,0.975,52.58
77.159,1.391,385.945,0.293,13,1.364,-50.69
54.509,1.183,440.958,0.204,55,0.811,78.92
14.623,1.136,557.365,0.202,43,1.355,14.11
47.797,0.859,303.176,0.213,7,1.006,4.39
35.073,0.857,440.433,0.04,4,0.633,66.92
57.787,1.094,493.779,0.022,15,0.964,52.78
33.112,1.072,335.144,0.031,20,1.192,13.46
43.279,0.958,769.5,0.227,28,0.927,62.17
52.575,1.071,371.976,0.076,27,0.705,72.33
57.986,1.288,399.584,0.02,46,0.967,74.61
26.996,1.154,353.254,0.086,16,0.829,39.76
39.982,0.879,769.772,0.101,7,1.098,39.95
37.876,1.033,582.936,0.141,58,1.155,67.44
35.2,0.929,359.511,0.14,44,0.789,73.59
71.482,0.992,665.935,0.054,54,0.859,118.4
51.075,0.988,530.105,0.175,4,1.151,1.25
26.087,0.978,538.588,0.069,6,0.828,47.85
58.768,0.862,448.328,0.107,14,0.784,58.34
76.832,1.031,387.588,0.175,13,0.764,46.75
60.487,0.966,550.665,0.069,6,1.07,28.86
22.209,0.611,418.237,0.074,45,1.062,77.22
37.736,1.358,772.513,0.167,11,0.863,39.91
64.004,1.213,309.606,0.051,12,1.001,21.16
34.385,0.994,730.424,0.089,29,1.305,37.91
51.657,1.053,483.302,0.164,8,0.805,26.95
56.62,0.874,544.863,0.284,17,0.61,53.03
31.096,1.304,624.974,0.168,44,1.091,47.31
44.107,1.335,405.463,0.158,33,0.978,28.52
10.0,1.074,629.637,0.162,24,0.858,51.43
29.634,1.204,93.868,0.034,55,1.13,36.46
41.211,1.076,392.002,0.129,8,1.168,-1.49
26.283,0.849,361.391,0.118,35,0.558,85.63
69.486,0.988,311.974,0.146,31,0.869,48.72
23.548,1.07,467.757,0.129,23,1.464,-13.07
38.399,0.982,557.862,0.15,56,1.117,65.59
46.961,1.017,605.399,0.095,58,1.135,76.66
66.619,1.036,536.132,0.125,54,1.235,61.76
23.462,1.038,400.146,0.022,32,1.003,54.47
62.447,1.058,555.352,0.094,23,1.159,42.88
45.153,0.891,518.643,0.231,38,1.144,37.1
30.277,0.942,640.408,0.146,57,1.108,80.54
51.932,0.857,616.541,0.118,60,0.936,110.04
47.986,1.197,504.571,0.272,24,1.034,9.53
35.997,0.734,365.412,0.011,48,0.882,94.12
46.047,1.223,402.057,0.031,22,1.003,40.17
39.22,1.258,417.532,0.257,24,0.766,26.36
46.703,1.005,452.71,0.124,54,0.842,93.72
54.932,0.66,540.208,0.101,42,0.944,94.36
68.79,0.996,607.276,0.024,13,0.811,83.08
26.433,1.04,492.332,0.156,49,0.899,64.99
76.996,0.898,502.419,0.164,33,0.967,61.16
15.719,0.973,521.496,0.032,53,1.08,80.69
42.723,1.28,422.614,0.109,42,1.19,34.85
53.825,1.15,361.191,0.093,15,0.907,31.58
49.215,0.911,236.684,0.14,20,1.267,-4.34
35.66,0.81,395.728,0.03,24,1.188,41.01
41.878,1.001,570.972,0.22,58,1.101,57.25
37.605,1.018,394.563,0.193,19,1.031,17.91
36.16,1.124,464.329,0.091,40,1.064,47.77
57.744,0.97,569.965,0.103,27,1.237,31.07
50.355,1.127,578.103,0.109,34,1.245,36.45
34.606,1.34,338.07,0.058,17,1.267,-1.52
58.494,1.172,649.559,0.085,15,1.008,48.16
49.609,1.043,669.103,0.098,60,1.111,93.13
57.193,1.023,330.523,0.249,28,1.269,-8.4
54.444,0.996,376.424,0.196,52,0.875,67.44
32.565,1.227,678.664,0.195,13,0.936,20.01
36.597,0.956,477.972,0.15,15,1.003,18.03
56.209,1.057,167.033,0.031,35,1.18,30.62
54.156,1.058,290.048,0.117,52,1.183,48.18
44.686,0.975,462.595,0.198,39,0.954,51.43
46.76,0.844,325.544,0.019,40,0.698,102.41
64.165,1.098,437.986,0.171,3,1.049,8.39
36.126,1.041,504.859,0.306,41,0.816,46.76
53.206,1.125,719.338,0.205,29,0.702,75.85
41.967,0.97,456.432,0.233,38,0.747,58.53
41.735,1.233,660.881,0.137,34,1.065,55.13
61.482,0.918,714.314,0.197,43,1.272,53.11
57.381,1.307,715.146,0.063,17,1.008,47.92
57.203,0.788,542.713,0.184,33,1.042,50.31
64.582,1.115,205.507,0.172,8,1.237,-22.6
45.315,1.121,569.124,0.143,27,0.691,68.46
55.229,0.931,657.26,0.225,51,1.104,71.34
40.346,1.114,487.84,0.077,54,0.998,68.95
49.862,1.242,761.688,0.105,20,1.113,47.18
43.048,0.717,628.975,0.128,24,0.903,73.57
46.455,1.125,585.241,0.038,33,0.836,84.79
53.927,0.676,662.957,0.138,38,1.028,81.19
32.727,0.905,550.005,0.0,11,1.33,29.17
76.386,1.294,126.078,0.204,48,1.172,11.93
29.91,0.963,425.129,0.124,5,0.898,19.3
26.787,0.874,679.575,0.078,35,0.732,95.76
62.372,1.02,378.861,0.053,29,0.664,86.65
56.875,1.36,466.479,0.101,45,1.263,32.56
54.362,0.775,343.275,0.175,3,0.809,22.42
54.425,0.892,767.588,0.164,46,0.935,94.3
44.816,1.275,752.224,0.064,59,1.264,74.47
31.541,1.329,367.42,0.052,11,0.677,42.96
46.137,1.034,522.095,0.173,7,1.298,-9.09
34.843,0.864,397.926,0.062,17,0.949,50.29
59.627,1.364,592.242,0.125,52,0.77,95.28
42.794,1.289,576.452,0.13,11,0.951,22.46
32.618,1.152,621.756,0.145,47,0.855,80.28
40.179,0.928,549.788,0.189,30,1.088,36.54
51.194,1.043,940.311,0.019,15,0.87,90.33
36.544,1.026,345.811,0.0,26,0.618,87.57
32.667,1.1,243.409,0.075,47,0.956,61.45
48.655,1.268,441.036,0.264,12,0.729,16.68
48.674,1.182,264.802,0.282,44,1.041,6.19
37.396,0.888,276.131,0.266,24,0.763,27.05
37.934,1.256,349.803,0.105,41,0.902,46.87
48.481,1.097,361.672,0.0,24,1.037,49.67
23.279,1.153,356.807,0.0,39,0.958,63.8
23.888,1.27,577.733,0.071,54,1.05,70.35
34.223,0.883,424.072,0.104,41,1.136,48.28
41.798,1.045,473.073,0.224,22,0.768,40.01
49.664,0.97,634.135,0.189,12,0.987,32.11
67.13,0.815,385.052,0.138,12,0.5,74.85
57.865,1.102,460.318,0.049,28,1.049,46.81
42.601,1.427,554.864,0.043,27,0.94,55.52
44.715,0.774,208.765,0.14,55,0.803,79.86
29.962,1.045,142.264,0.176,58,1.063,35.45
44.722,1.146,551.918,0.151,30,1.235,22.57
40.67,1.068,573.802,0.037,15,0.905,58.58
49.841,1.033,809.633,0.172,17,0.811,63.46
32.592,0.855,523.714,0.154,8,1.033,15.1
52.79,1.085,622.961,0.034,54,0.733,122.69
67.991,0.936,470.679,0.057,14,0.868,62.49
43.369,0.722,544.584,0.175,21,1.244,20.16
51.026,1.229,750.089,0.101,34,1.012,66.96
55.352,1.194,181.401,0.247,13,0.624,22.88
38.982,1.058,562.042,0.16,40,0.641,82.72
48.361,1.084,820.338,0.081,35,1.032,78.65
45.189,1.211,542.305,0.119,4,1.172,6.24
46.465,1.084,747.586,0.125,57,0.676,125.97
33.405,1.186,405.618,0.062,17,1.09,16.74
45.368,1.005,495.193,0.047,38,1.266,50.85
52.47,1.247,505.029,0.176,7,1.378,-27.59
66.767,1.098,167.361,0.188,17,1.066,-6.37
59.389,1.079,324.773,0.168,45,1.101,38.45
77.298,0.859,335.469,0.241,12,0.573,48.56
33.49,1.093,623.31,0.077,19,1.42,5.19
58.085,0.925,630.823,0.254,36,0.885,61.62
47.75,0.954,548.605,0.048,54,0.813,109.92
77.847,0.928,623.615,0.039,26,0.949,84.82
32.876,0.89,475.378,0.0,12,1.302,22.55
32.404,1.369,680.29,0.084,54,1.442,41.54
36.009,1.25,501.318,0.08,32,1.025,48.67
13.142,1.338,508.68,0.162,5,1.2,-26.4
37.114,0.867,460.161,0.14,53,1.009,74.82
33.613,1.061,602.668,0.025,39,0.792,99.76
47.256,0.856,436.82,0.089,5,1.295,2.52
50.126,0.946,646.465,0.09,42,0.876,93.52
73.143,0.912,330.178,0.0,7,1.307,10.18
59.256,1.236,335.163,0.042,30,1.26,22.93
36.346,0.991,603.114,0.058,46,1.123,67.68
31.524,1.21,486.718,0.235,16,1.366,-32.39
52.379,1.141,431.916,0.135,41,1.446,1.62
25.197,1.396,633.509,0.173,13,0.965,9.55
72.472,0.828,408.911,0.0,10,0.838,66.56
62.692,1.239,469.97,0.216,39,0.627,75.78
37.962,1.222,709.884,0.224,10,1.449,-23.79
19.303,0.904,730.871,0.0,14,0.912,72.76
65.308,1.201,735.86,0.064,17,1.227,41.33
43.282,1.1,457.681,0.16,21,0.852,42.58
63.567,1.016,684.605,0.172,50,1.308,53.9
21.084,0.926,357.657,0.066,48,0.86,74.23
36.009,0.942,363.965,0.096,30,0.762,65.46
45.079,1.357,147.432,0.072,9,0.958,-3.11
45.705,1.05,750.93,0.129,42,0.894,85.25
38.249,1.167,370.403,0.216,9,1.119,-17.53
54.343,0.931,481.02,0.058,32,0.99,68.76
28.986,0.933,363.451,0.2,20,1.126,3.93
42.864,1.212,604.275,0.057,26,0.942,61.35
46.804,0.848,443.655,0.052,8,0.867,53.71
52.717,0.988,304.277,0.185,60,0.883,72.06
55.674,1.055,566.249,0.194,53,1.409,33.11
28.13,1.067,284.94,0.188,6,1.045,-17.19
21.988,1.023,374.389,0.015,57,0.603,117.09
64.165,1.109,183.967,0.083,5,0.896,18.98
49.985,1.154,286.406,0.186,51,1.019,33.71
33.773,1.16,526.779,0.123,56,1.369,41.46
68.267,0.902,205.32,0.034,53,1.206,57.83
46.735,1.007,277.828,0.157,49,0.816,63.95
62.689,1.229,499.645,0.063,60,1.484,45.93
46.013,1.184,418.459,0.264,8,0.994,-16.66
75.911,0.844,798.805,0.244,28,1.249,38.62
71.33,1.103,775.084,0.168,46,0.769,102.58
41.266,0.753,369.812,0.229,53,0.52,101.54
59.574,1.057,583.571,0.125,40,0.718,92.09
54.681,1.335,612.392,0.181,13,0.5,69.95
65.529,0.908,410.378,0.238,54,1.422,28.14
30.526,0.925,275.669,0.14,31,1.043,19.66
55.291,1.165,498.155,0.1,22,0.815,59.43
60.876,0.819,474.073,0.0,12,1.091,53.85
18.619,0.955,434.635,0.113,28,1.038,37.78
27.251,1.139,566.348,0.186,50,1.124,43.48
14.412,0.955,387.391,0.196,29,1.242,-1.07
40.959,1.015,327.2,0.16,52,0.942,57.17
55.763,1.162,516.362,0.077,16,0.824,53.76
67.535,1.113,557.896,0.0,38,1.166,65.66
46.111,1.09,323.503,0.08,14,1.16,6.95
69.429,0.999,639.214,0.096,54,1.02,91.77
24.298,1.106,234.428,0.095,25,1.436,-21.7
19.449,1.031,413.283,0.169,23,0.912,23.63
44.167,1.119,461.299,0.279,10,0.82,10.51
50.761,0.975,404.566,0.13,41,1.084,46.65
44.51,1.023,415.241,0.103,60,0.865,93.77
13.988,0.902,780.661,0.099,11,1.099,43.81
43.663,1.045,372.367,0.13,26,0.833,53.42
25.433,0.928,866.183,0.054,33,0.92,88.77
55.045,0.883,565.569,0.13,27,1.378,19.87
50.499,1.089,513.808,0.156,19,0.919,37.14
30.902,1.082,571.436,0.137,44,0.84,78.47
37.292,1.167,879.489,0.157,31,1.234,37.89
29.112,0.985,350.961,0.155,5,0.79,17.16
44.06,1.111,331.937,0.0,23,0.861,58.24
59.327,1.133,386.77,0.171,59,1.115,54.81
30.214,1.117,504.821,0.066,10,1.188,12.23
52.561,0.926,241.134,0.032,16,1.244,13.54
37.046,1.072,503.351,0.032,60,0.851,109.71
33.107,1.105,754.032,0.155,41,1.119,58.75
43.395,1.051,522.711,0.102,18,0.907,47.68
29.471,0.737,456.097,0.0,20,0.879,75.71
36.695,1.074,407.276,0.158,33,1.241,5.41
27.032,1.382,634.777,0.005,13,0.89,55.57
74.471,0.996,376.125,0.131,40,1.056,45.76
45.529,0.941,776.959,0.139,22,1.031,54.86
34.504,1.106,790.004,0.191,55,0.786,101.12
48.21,1.097,538.513,0.263,48,1.193,31.76
43.315,1.229,498.273,0.011,55,1.112,66.59
41.685,0.861,654.599,0.116,47,0.603,123.57
54.213,1.16,664.22,0.098,6,1.055,32.53
56.363,1.139,379.101,0.155,22,0.845,41.49
37.042,1.029,421.017,0.137,33,1.219,19.27
36.363,1.101,301.648,0.092,22,0.711,50.28
40.874,1.204,561.36,0.085,13,0.929,36.43
10.471,1.181,599.994,0.031,52,1.072,73.68
22.272,0.879,297.511,0.199,3,1.011,-14.5
65.503,1.173,431.72,0.157,46,1.153,38.66
69.675,1.04,297.912,0.193,20,0.696,46.04
41.264,1.061,365.18,0.095,41,1.33,23.68
53.648,1.061,582.653,0.067,46,1.105,75.66
49.669,1.027,389.978,0.034,35,1.272,37.99
91.183,1.229,454.876,0.149,56,1.175,61.17
61.794,1.037,255.903,0.037,38,0.998,61.19
43.081,0.882,528.049,0.268,20,0.743,38.44
30.667,0.991,493.359,0.015,49,0.887,93.27
20.903,1.077,390.656,0.142,33,1.318,2.51
48.052,1.234,471.648,0.245,37,1.277,1.32
33.655,1.14,527.044,0.168,41,0.876,57.64
23.666,0.922,377.77,0.134,40,0.5,97.36
35.301,1.423,278.561,0.043,17,0.957,22.89
28.777,1.09,770.836,0.009,49,0.942,109.21
70.307,1.241,405.009,0.182,8,0.95,9.51
58.225,1.027,485.486,0.24,10,1.106,2.05
44.88,1.13,651.626,0.085,42,1.175,53.49
67.199,1.176,1029.358,0.029,24,1.198,78.98
46.161,1.233,313.327,0.0,3,1.089,11.42
32.081,1.209,567.474,0.042,60,0.64,122.05
67.847,1.181,393.867,0.111,15,0.932,27.35
53.084,1.003,419.181,0.248,57,1.461,12.96
29.441,0.964,391.968,0.174,26,1.075,19.08
42.145,1.1,331.152,0.144,23,1.074,10.95
31.866,1.19,493.806,0.088,47,1.072,64.41
24.258,1.017,278.825,0.073,45,1.083,43.44
58.893,1.21,642.021,0.232,6,0.523,50.08
73.641,1.268,508.25,0.136,9,0.952,25.02
24.021,0.913,563.365,0.0,14,0.992,58.76
53.445,0.924,430.072,0.066,15,1.256,18.68
35.24,1.029,444.919,0.051,56,1.01,84.69
37.693,1.096,543.135,0.076,46,0.671,100.89
36.114,0.971,325.392,0.165,18,1.086,12.23
32.04,1.253,446.301,0.111,8,0.839,25.86
45.728,1.114,371.058,0.114,16,0.757,47.35
32.536,1.056,366.415,0.225,53,0.833,60.58
49.057,0.835,183.524,0.064,50,1.109,59.5
44.246,0.853,700.899,0.269,60,1.252,54.77
41.416,1.092,397.019,0.066,33,1.097,39.8
31.387,0.73,674.506,0.127,38,1.126,72.11
36.348,1.202,660.319,0.098,39,1.095,62.77
56.331,1.026,307.1,0.13,43,1.02,45.26
52.514,1.536,336.738,0.156,58,1.139,32.64
30.337,1.396,884.075,0.155,37,0.516,104.86
46.49,1.023,762.639,0.06,56,1.022,105.02
56.271,1.034,495.272,0.03,12,0.791,66.21
19.959,1.199,538.606,0.32,19,1.233,-24.51
53.15,1.305,405.373,0.081,53,0.971,70.24
35.061,0.804,564.853,0.176,44,1.006,65.82
53.559,0.782,392.423,0.0,32,0.699,105.22
33.551,0.957,195.147,0.098,46,1.203,28.34
17.927,1.137,301.767,0.11,57,1.125,45.53
20.587,1.125,503.164,0.158,9,1.111,3.53
45.721,1.21,330.34,0.0,20,0.837,45.58
48.896,0.87,489.908,0.133,21,0.845,60.6
31.435,0.703,338.801,0.028,17,1.045,37.66
54.579,1.179,382.647,0.146,41,0.861,62.32
20.077,0.926,627.975,0.037,46,1.087,78.5
44.009,0.747,537.122,0.052,24,0.568,103.24
26.835,1.072,498.55,0.098,41,0.902,70.47
35.222,1.169,631.845,0.036,44,1.359,49.16
45.711,1.032,572.091,0.082,59,1.088,82.77
32.094,0.981,716.984,0.025,58,1.033,104.68
39.232,1.026,431.021,0.0,56,1.397,55.21
60.094,0.994,435.555,0.201,32,0.533,77.51
36.347,0.848,304.834,0.016,22,0.837,59.09
57.535,0.943,435.653,0.106,34,0.92,65.9
28.054,1.128,644.715,0.18,44,1.172,38.63
52.947,1.098,694.998,0.071,27,1.175,53.27
66.624,1.075,644.046,0.054,25,0.827,90.28
10.0,0.901,230.871,0.138,7,1.2,-23.22
33.047,1.023,662.472,0.209,52,0.919,77.07
53.656,0.723,224.222,0.026,43,1.242,58.47
41.954,1.077,634.718,0.108,32,0.793,75.92
50.567,1.264,444.832,0.0,50,0.975,86.41
35.94,0.829,605.38,0.089,41,0.902,93.53
46.299,0.962,300.133,0.123,59,1.211,53.64
42.665,1.099,675.675,0.052,29,0.895,83.41
62.517,1.238,280.254,0.083,59,0.992,70.0
48.816,0.983,399.732,0.007,44,1.101,68.08
50.064,0.946,350.286,0.126,39,1.109,45.83
38.822,0.755,236.857,0.204,9,1.177,-11.4
37.686,1.066,514.179,0.032,7,1.042,35.15
38.512,1.356,770.913,0.07,17,0.916,56.01
50.917,1.092,900.036,0.16,53,0.93,102.09
38.685,1.047,514.573,0.217,44,1.005,48.21
49.347,1.098,667.502,0.001,10,1.05,55.7
76.131,1.048,534.814,0.106,58,0.971,99.97
58.067,0.928,574.832,0.143,11,1.004,34.92
40.11,1.173,448.678,0.112,13,0.697,49.19
63.018,1.084,529.262,0.0,24,1.133,50.13
38.879,1.053,580.622,0.16,36,1.036,53.17
14.428,0.904,413.231,0.242,37,1.2,6.49
29.879,1.246,488.376,0.129,15,1.0,19.73
16.938,1.15,491.235,0.038,13,0.652,58.6
39.727,0.967,623.96,0.079,34,0.928,81.41
45.276,1.2,340.095,0.262,44,0.96,27.74
70.147,0.975,492.269,0.193,17,1.149,13.93
49.904,0.933,786.801,0.171,40,0.586,119.66
41.713,0.936,674.609,0.149,3,1.008,26.73
57.441,0.784,702.377,0.067,48,1.103,100.27
11.833,1.121,503.665,0.104,52,0.868,76.34
48.534,0.775,548.15,0.114,26,1.015,53.13
56.563,0.866,650.335,0.164,45,0.875,88.23
22.821,0.739,734.038,0.241,42,0.854,78.55
62.156,1.037,207.26,0.209,24,0.918,22.11
50.077,1.027,302.684,0.006,5,0.858,42.32
38.771,1.001,696.417,0.138,16,1.137,37.57
54.492,0.894,458.467,0.179,4,0.853,33.82
79.06,0.874,399.242,0.17,34,0.819,67.98
47.728,1.12,311.876,0.07,50,1.354,30.11
48.723,0.967,416.747,0.353,40,1.192,0.19
38.11,1.097,289.645,0.018,35,0.628,83.55
32.252,0.917,813.664,0.033,48,0.847,116.88
57.455,1.077,496.635,0.139,44,1.048,58.78
32.159,1.245,491.307,0.289,8,1.065,-27.24
46.073,1.138,588.212,0.053,43,0.702,105.2
37.835,0.988,644.352,0.099,41,1.232,62.07
52.185,1.089,641.883,0.206,27,1.165,24.69
50.005,1.014,661.043,0.119,36,1.096,62.2
60.563,1.051,405.373,0.093,13,1.271,8.48
37.35,1.001,455.32,0.165,48,1.09,50.96
40.952,1.025,615.355,0.142,39,1.09,56.49
30.319,1.082,420.892,0.202,43,1.312,8.65
38.336,0.901,499.234,0.223,9,1.22,-9.61
50.66,0.898,559.815,0.145,59,0.832,101.86
56.355,0.842,617.778,0.143,48,1.127,76.79
31.168,0.81,233.348,0.137,50,0.867,60.83
58.044,0.867,607.212,0.159,24,1.101,48.05
65.335,1.074,464.941,0.124,50,1.095,58.75
51.202,0.916,606.119,0.12,41,0.723,105.02
73.152,1.127,616.54,0.216,12,0.976,25.8
33.393,1.055,741.187,0.241,23,1.053,26.05
26.33,0.755,703.018,0.0,8,0.913,75.52
18.319,1.148,701.986,0.121,51,1.063,74.11
67.441,1.172,716.551,0.065,3,1.161,27.37
54.815,0.901,543.707,0.095,36,0.994,74.44
44.166,1.113,504.828,0.152,16,1.045,12.51
49.2,0.922,630.923,0.174,38,1.277,34.63
28.118,1.065,609.812,0.111,29,1.095,47.81
81.686,0.86,453.64,0.0,11,1.04,55.83
46.938,0.781,560.724,0.043,57,0.808,119.38
46.641,0.993,494.736,0.192,8,1.134,-1.22
55.886,1.031,371.91,0.0,33,1.066,56.45
52.215,0.99,693.569,0.215,19,1.257,14.64
48.358,0.872,508.28,0.162,55,1.009,76.76
33.143,0.99,807.306,0.225,45,0.637,104.82
52.072,1.09,256.176,0.104,38,0.66,73.28
73.23,1.043,416.483,0.0,23,1.147,52.87
65.181,1.077,504.896,0.154,29,0.886,58.18
68.898,0.949,670.607,0.222,43,1.087,63.17
37.332,1.226,559.92,0.194,30,1.023,33.5
30.156,0.874,546.571,0.067,18,0.967,51.92
43.113,1.123,330.91,0.127,37,0.981,36.49
45.836,1.227,326.459,0.077,38,0.827,64.93
61.413,1.122,548.376,0.054,58,0.997,97.28
19.613,1.02,295.384,0.196,37,0.883,34.37
67.943,0.971,420.218,0.024,47,0.926,91.67
42.63,1.205,575.138,0.048,21,0.935,52.65
38.597,0.837,352.651,0.032,59,0.955,99.34
29.818,0.904,740.803,0.001,23,1.184,66.71
20.177,0.99,683.59,0.132,60,0.974,95.82
57.348,1.236,264.287,0.213,35,1.205,0.57
46.1,1.107,360.144,0.105,25,1.308,6.23
25.651,0.905,157.133,0.0,57,1.171,59.09
25.574,1.003,382.611,0.187,8,1.107,-10.39
39.963,0.958,614.958,0.255,34,1.065,39.95
70.035,0.944,437.916,0.068,24,1.173,39.06
41.106,1.197,569.12,0.082,5,1.018,23.91
22.453,0.844,271.65,0.161,37,1.197,14.0
41.314,1.291,619.696,0.25,18,1.123,-2.28
40.909,1.174,416.734,0.078,44,0.928,64.95
10.0,1.214,501.825,0.013,27,1.179,27.81
44.186,0.981,486.069,0.171,19,1.018,30.03
41.536,1.028,309.268,0.184,41,0.979,33.32
55.443,0.835,327.037,0.12,15,0.905,38.76
72.734,0.971,645.169,0.075,30,1.033,74.67
61.898,1.124,559.849,0.2,13,1.199,-3.14
40.967,1.244,657.507,0.162,12,1.178,5.79
28.402,0.884,548.699,0.059,41,1.071,71.61
83.6,0.995,521.449,0.124,26,1.12,47.51
45.888,1.027,241.098,0.012,40,1.254,35.39
45.209,0.841,459.445,0.175,26,0.97,45.34
44.638,1.139,495.892,0.099,35,0.777,73.85
47.971,0.941,792.966,0.085,19,1.26,44.92
42.835,1.021,603.043,0.117,59,0.894,101.26
36.395,0.982,730.409,0.123,46,0.862,100.14
36.797,0.932,589.631,0.192,38,0.641,85.82
44.509,1.049,393.305,0.167,37,1.114,28.35
36.849,1.018,517.569,0.107,8,0.676,53.39
34.307,0.994,535.434,0.181,60,0.85,87.59
46.596,0.941,359.127,0.152,18,1.118,17.71
41.175,1.098,442.342,0.086,47,1.144,55.05
67.56,1.298,469.135,0.11,30,0.87,51.63
10.0,1.071,740.843,0.108,43,0.973,73.91
61.373,1.199,187.889,0.16,34,0.825,38.59
63.691,0.841,680.873,0.091,28,0.89,84.87
13.899,1.074,359.481,0.089,13,1.053,7.01
39.86,0.885,294.188,0.278,54,0.9,53.58
39.428,0.828,676.991,0.195,27,0.951,55.79
23.887,0.939,609.785,0.059,33,0.707,99.64
33.333,1.229,688.178,0.166,23,1.227,20.1
28.341,1.193,620.105,0.129,47,1.102,53.4
71.284,1.086,808.977,0.151,57,1.159,85.14
59.035,0.82,583.809,0.131,53,1.258,67.54
64.073,1.021,476.528,0.215,5,0.835,19.77
55.825,1.095,551.439,0.148,14,0.928,37.36
28.064,1.076,686.52,0.115,53,0.621,118.49
37.132,0.773,383.094,0.203,42,1.628,-7.83
52.341,0.916,402.217,0.139,48,0.97,73.6
26.668,1.04,453.656,0.13,56,1.208,52.46
55.695,1.13,184.313,0.145,43,0.752,59.6
41.395,0.721,520.712,0.113,27,1.199,34.88
39.378,1.026,217.081,0.121,58,1.372,25.89
55.664,1.071,507.959,0.073,19,0.988,53.27
51.664,1.177,629.793,0.06,40,0.798,84.32
39.586,1.154,428.469,0.04,38,0.972,64.89
62.39,1.137,751.567,0.009,38,0.555,136.46
28.784,0.93,280.925,0.05,21,0.992,31.66
54.239,0.764,678.689,0.106,46,1.164,84.25
53.897,0.991,601.271,0.128,59,0.993,99.36
40.357,1.2,242.595,0.098,4,0.943,3.57
49.892,1.259,906.619,0.0,19,1.106,68.04
26.233,1.157,490.438,0.246,32,1.121,5.43
58.86,1.114,368.377,0.207,49,0.668,78.06
42.226,1.107,288.937,0.156,12,1.018,4.3
37.159,0.967,466.997,0.273,37,1.487,-16.34
60.735,1.03,480.889,0.042,54,0.733,116.02
34.435,1.3,515.397,0.271,38,0.983,32.3
23.873,0.909,455.331,0.043,56,1.388,55.91
21.651,1.292,594.984,0.139,35,1.221,25.93
54.09,1.002,441.856,0.018,3,0.897,38.7
25.794,1.249,209.755,0.121,20,1.041,-4.35
71.322,0.839,477.596,0.151,6,1.0,29.73
13.771,1.138,144.878,0.108,57,0.85,53.36
70.447,0.939,553.066,0.177,56,0.985,90.93
48.165,0.838,353.105,0.128,49,0.944,77.4
43.549,1.083,524.504,0.078,29,1.023,50.4
36.826,1.201,697.111,0.075,27,0.85,79.13
50.987,0.923,357.688,0.185,57,0.745,88.16
44.435,0.825,659.188,0.068,30,0.992,87.82
61.55,1.036,434.992,0.193,55,1.343,33.89
46.713,1.037,762.979,0.218,24,1.016,46.59
47.255,1.132,445.227,0.0,44,0.934,88.56
39.546,1.192,373.926,0.211,27,1.151,3.79
44.146,1.041,603.086,0.285,19,0.968,21.08
49.617,1.328,434.632,0.14,59,1.374,28.44
19.347,1.084,373.783,0.168,56,0.999,54.68
24.777,0.998,428.324,0.203,46,1.14,28.73
56.149,0.808,493.309,0.098,54,0.849,106.32
47.563,1.011,701.327,0.135,14,1.101,31.78
42.24,1.0,209.887,0.015,18,1.055,20.27
45.277,1.194,503.462,0.131,39,0.989,52.64
50.214,1.119,593.736,0.16,18,0.9,47.29
36.904,0.873,529.017,0.161,19,0.872,51.31
33.325,1.076,696.48,0.205,57,1.056,70.57
47.938,1.151,488.848,0.058,33,1.126,52.5
30.324,1.279,472.317,0.077,17,0.975,25.79
51.124,1.183,588.849,0.272,15,1.057,-3.08
19.461,1.164,514.897,0.108,42,0.992,47.17
60.437,1.059,441.439,0.136,29,1.02,37.91
52.089,1.108,577.422,0.115,23,0.96,53.1
48.84,1.237,402.121,0.054,4,1.004,13.01
59.74,0.85,408.323,0.25,10,1.54,-39.23
69.982,0.998,420.801,0.078,44,1.062,74.18
60.216,0.934,702.96,0.03,9,1.129,47.45
17.387,1.107,50.0,0.084,12,1.088,-16.03
25.806,1.235,559.34,0.0,59,0.947,100.39
35.628,0.96,505.141,0.068,6,1.259,4.21
45.391,0.691,247.869,0.043,45,0.942,84.22
52.765,0.988,546.459,0.169,43,1.211,42.8
34.114,1.187,571.363,0.066,38,0.933,68.41
47.802,1.131,588.446,0.191,37,0.808,73.9
33.669,1.114,102.226,0.232,45,1.073,6.72
35.827,1.008,704.958,0.182,5,0.779,47.81
23.9,0.858,389.339,0.103,60,1.107,74.55
31.152,1.127,602.985,0.131,20,0.761,55.93
24.725,0.925,611.161,0.0,60,0.936,121.23
30.362,1.378,368.495,0.109,53,0.714,74.3
60.805,1.136,599.069,0.051,48,1.565,34.61
30.759,0.963,442.176,0.176,58,0.669,96.35
84.486,0.958,189.293,0.326,45,1.002,19.76
52.4,1.036,675.161,0.16,26,1.229,34.64
47.773,1.014,383.743,0.0,34,1.207,48.22
32.125,1.218,371.826,0.091,36,1.17,22.94
55.505,1.078,439.54,0.13,4,0.937,22.16
36.365,0.94,540.836,0.127,4,1.27,-3.15
46.83,1.334,491.409,0.062,12,1.183,7.69
83.401,1.057,582.21,0.14,25,1.042,51.58
43.559,1.165,299.077,0.021,17,1.048,26.99
62.239,0.959,388.642,0.044,56,0.939,97.69
34.452,1.104,482.6,0.172,14,0.818,30.72
44.475,1.097,784.683,0.039,45,1.247,78.66
71.562,0.767,482.928,0.163,19,1.262,20.84
35.595,1.352,662.783,0.01,20,0.823,66.81
72.187,1.244,505.783,0.261,16,0.969,6.35
55.616,0.99,427.451,0.058,19,0.971,51.96
36.563,0.885,462.991,0.102,17,0.993,38.91
54.486,1.102,474.737,0.146,14,1.013,23.76
59.588,1.063,590.547,0.075,18,1.189,38.44
54.327,1.103,706.192,0.131,34,0.851,79.07
21.447,1.079,553.952,0.166,25,0.831,42.61
34.093,1.126,678.062,0.197,40,1.247,32.09
41.287,1.267,355.282,0.183,36,0.907,33.89
43.883,1.135,437.805,0.106,36,0.747,71.66
54.31,0.893,391.355,0.108,18,0.903,51.38
47.666,1.254,547.167,0.308,36,0.934,17.5
24.97,1.296,446.156,0.196,42,1.311,5.61
50.703,1.523,609.466,0.046,9,1.185,12.86
54.159,0.881,360.35,0.128,35,1.23,31.97
53.397,1.086,506.455,0.093,6,1.164,-0.22
61.212,0.738,603.029,0.109,45,1.189,79.17
57.509,1.133,190.205,0.022,54,0.862,77.98
51.888,0.968,818.245,0.087,9,0.96,60.78
43.948,1.339,457.527,0.265,20,0.802,15.39
20.086,0.934,196.244,0.166,6,0.958,-6.07
51.444,0.797,523.714,0.0,51,1.137,95.78
48.115,0.979,505.017,0.217,13,1.027,17.54
49.074,0.754,487.716,0.207,45,1.262,42.05
25.849,1.163,648.679,0.091,22,0.772,67.61
28.784,0.74,612.117,0.177,13,1.1,28.48
60.797,1.054,544.681,0.051,17,0.75,71.52
44.407,0.738,567.523,0.082,48,1.019,88.61
55.223,1.002,484.346,0.24,19,1.148,8.82
45.425,1.297,766.324,0.098,36,0.957,76.01
45.446,1.104,278.121,0.0,52,1.11,67.24
59.074,0.92,520.948,0.115,50,0.808,98.65
37.259,1.045,509.754,0.114,14,0.667,63.9
46.442,1.053,621.992,0.216,44,1.111,43.72
38.066,1.121,373.422,0.121,30,1.349,5.66
38.483,0.845,238.449,0.086,50,0.801,81.43
40.362,1.139,523.523,0.204,37,1.244,22.89
48.332,0.644,542.185,0.13,10,1.009,38.17
37.819,0.956,723.44,0.06,29,0.733,106.8
63.836,0.977,309.446,0.212,24,0.774,39.4
31.581,1.145,673.204,0.135,56,1.003,79.89
42.197,1.053,855.112,0.12,59,0.919,115.75
38.404,0.839,443.335,0.134,26,0.737,65.92
66.705,0.902,306.359,0.034,4,0.661,60.96
47.948,1.08,438.954,0.078,33,0.831,66.82
60.478,1.038,502.101,0.12,24,1.039,40.18
22.717,0.963,584.568,0.104,3,0.999,25.99
49.006,0.978,411.291,0.222,16,0.9,18.81
58.344,1.154,733.28,0.137,27,1.04,52.61
46.234,0.972,332.82,0.188,38,1.208,13.26
60.982,1.037,239.119,0.121,38,1.079,33.47
37.241,1.375,666.007,0.205,43,0.976,53.37
66.14,0.836,158.807,0.152,5,1.186,-17.17
79.483,0.772,469.381,0.121,7,0.808,54.96
39.557,1.168,967.652,0.119,3,0.955,51.42
38.317,0.948,498.193,0.044,56,0.96,95.55
66.801,1.002,331.885,0.161,21,0.753,56.87
68.694,0.933,491.39,0.117,35,0.916,72.12
37.157,1.011,492.38,0.08,44,0.585,109.57
38.697,1.29,524.097,0.209,56,1.382,22.04
40.773,1.17,599.339,0.02,32,0.813,89.33
24.833,1.179,344.133,0.086,14,1.317,-14.91
31.22,0.838,753.132,0.202,12,1.008,36.92
29.938,0.877,536.767,0.145,36,1.113,53.71
33.483,0.624,609.019,0.116,18,0.902,66.5
44.48,0.929,405.778,0.14,42,1.042,51.17
48.513,1.194,692.957,0.134,48,1.13,62.13
68.258,1.128,461.442,0.0,31,1.133,51.18
30.025,1.017,541.633,0.092,17,1.155,27.32
59.765,1.047,360.034,0.249,50,0.926,42.05
41.79,0.947,350.46,0.067,13,0.904,38.65
44.258,1.081,603.231,0.095,46,0.681,105.98
55.122,1.165,433.459,0.077,36,1.105,53.59
28.159,0.808,371.927,0.113,38,1.216,28.25
50.736,1.095,403.522,0.073,32,1.323,18.0
47.497,1.19,604.843,0.159,37,1.061,46.77
52.387,0.988,405.644,0.136,11,0.847,34.74
49.338,1.155,482.352,0.182,20,0.661,51.57
81.83,1.472,502.254,0.036,21,1.208,25.23
35.434,1.034,212.398,0.093,41,0.641,70.78
37.035,1.109,279.331,0.102,6,0.932,10.34
35.653,0.939,550.442,0.156,8,0.955,19.1
36.668,1.077,389.446,0.057,53,0.986,74.93
35.439,1.119,658.509,0.193,35,1.007,45.97
62.835,1.079,645.021,0.215,34,1.028,52.62
66.308,0.897,607.875,0.041,18,0.517,118.33
36.439,1.081,772.966,0.081,13,1.003,51.01
32.515,1.269,487.537,0.077,24,0.554,81.63
52.071,1.117,597.332,0.331,38,1.146,14.49
36.717,1.194,412.34,0.086,52,0.889,71.61
54.494,1.014,867.855,0.254,25,0.569,97.94
48.044,1.162,797.545,0.019,28,0.837,98.4
22.264,1.092,501.782,0.041,33,0.886,68.04
68.213,0.907,557.988,0.065,31,1.238,55.37
71.938,1.098,703.895,0.052,7,1.039,51.09
35.808,0.901,477.929,0.099,56,1.069,77.16
39.184,0.955,401.506,0.063,40,1.236,37.9
49.288,1.078,631.098,0.054,27,0.981,66.6
50.017,1.095,511.766,0.213,36,1.151,28.52
54.878,0.872,527.449,0.218,14,1.137,12.6
75.153,1.208,374.859,0.196,24,0.743,47.84
42.346,1.136,242.349,0.162,11,1.295,-29.76
33.026,0.944,535.421,0.127,22,0.716,65.07
24.31,0.819,635.744,0.08,31,1.183,48.92
34.036,1.028,466.129,0.044,46,0.697,102.31
44.503,0.983,715.464,0.149,31,1.12,50.67
71.918,1.067,394.413,0.026,47,1.372,48.79
37.236,0.996,341.794,0.04,29,0.957,50.29
48.357,0.749,489.915,0.212,56,0.949,77.9
44.754,0.992,487.611,0.272,57,1.122,48.01
62.826,1.004,615.495,0.151,19,0.934,52.47
82.904,1.145,383.756,0.209,7,1.364,-31.49
37.037,0.945,705.214,0.1,54,1.038,93.49
37.658,1.302,795.038,0.013,47,0.936,106.51
60.662,0.763,494.128,0.169,15,0.892,49.35
55.228,1.247,687.457,0.166,44,0.813,84.99
72.701,1.016,341.525,0.126,17,0.874,38.18
53.759,1.179,661.283,0.101,17,0.93,55.9
39.611,1.062,657.091,0.197,20,0.902,51.27
53.86,1.221,629.516,0.041,52,0.868,101.33
61.631,0.992,497.666,0.058,4,1.42,-7.49
57.307,0.885,56.863,0.039,25,0.794,52.32
52.609,1.263,403.741,0.127,45,1.029,51.0
61.0,1.033,406.113,0.033,15,1.119,32.15
62.539,1.083,353.262,0.065,45,1.126,51.67
65.732,1.235,518.336,0.064,6,0.988,30.19
54.731,0.895,437.155,0.099,49,0.952,84.35
42.493,1.139,376.308,0.001,56,1.09,74.75
47.201,0.962,341.18,0.127,57,1.053,67.71
63.098,1.03,392.673,0.22,27,0.948,34.73
32.746,1.061,668.225,0.131,13,0.688,65.74
50.53,0.825,400.846,0.243,52,0.906,64.97
39.1,0.933,422.759,0.227,50,0.771,75.08
45.431,1.253,431.495,0.182,44,0.867,50.23
64.177,1.183,550.849,0.126,14,1.007,28.52
47.866,1.041,568.437,0.122,15,1.072,29.58
45.697,1.086,50.0,0.181,11,1.356,-53.17
24.602,1.006,653.245,0.089,55,0.893,97.35
56.194,1.253,715.455,0.0,47,1.155,90.87
54.682,1.02,342.472,0.159,40,1.061,47.32
77.449,1.085,354.155,0.03,8,1.259,9.05
40.383,1.222,432.462,0.043,45,1.115,54.9
48.287,0.933,386.599,0.12,53,0.798,89.89
48.741,1.284,533.589,0.112,45,0.655,96.71
68.662,0.82,208.021,0.007,12,1.062,38.9
43.571,1.294,332.311,0.133,25,0.894,21.23
49.185,0.994,730.88,0.197,17,0.804,61.22
54.118,1.014,360.767,0.03,47,0.746,95.11
47.799,0.766,686.514,0.222,25,1.032,55.25
38.303,0.982,553.301,0.0,42,1.302,60.84
47.911,0.894,228.61,0.289,39,0.918,22.09
61.104,0.959,595.299,0.087,36,1.118,64.13
29.602,1.029,482.35,0.132,18,0.98,29.03
46.995,1.194,431.68,0.0,47,0.742,103.05
34.498,1.081,536.744,0.115,53,1.147,64.54
62.926,1.096,571.195,0.138,43,0.781,84.72
22.152,0.886,606.139,0.113,49,1.004,86.17
36.616,0.918,676.738,0.075,34,0.932,88.86
50.658,1.32,561.22,0.044,40,1.179,48.09
68.483,0.94,293.655,0.21,42,0.788,62.15
44.014,1.298,428.953,0.122,58,1.078,63.4
36.672,1.014,941.457,0.243,48,0.832,101.01
73.217,1.05,608.674,0.078,7,0.898,52.76
23.28,1.211,855.393,0.085,19,0.5,105.15
12.018,1.241,709.315,0.185,24,1.418,2.13
51.6,1.033,536.27,0.0,41,1.11,76.34
37.469,0.992,545.211,0.023,43,0.847,95.15
29.682,1.042,494.513,0.208,50,0.775,74.09
55.625,1.101,239.329,0.026,20,0.901,43.65
48.657,1.184,502.707,0.0,30,1.143,49.05
36.539,1.051,681.601,0.269,15,0.622,54.33
25.795,1.143,410.054,0.008,52,0.972,74.94
58.087,1.296,561.793,0.135,44,1.354,25.13
54.753,1.107,627.739,0.126,3,0.773,49.88
43.512,1.097,363.548,0.0,55,1.016,76.88
72.7,0.822,432.305,0.099,52,1.441,51.03
28.949,0.655,347.313,0.156,21,1.126,13.83
22.117,1.108,376.675,0.148,36,1.025,24.74
34.621,1.036,306.859,0.192,6,1.101,-18.78
44.316,0.973,364.933,0.089,45,0.92,71.98
48.65,1.087,712.918,0.177,5,1.26,6.41
41.381,1.041,362.678,0.065,43,0.92,69.17
50.281,1.219,518.969,0.007,12,0.608,77.77
26.227,1.063,424.57,0.016,30,0.922,63.84
66.656,0.938,676.83,0.003,36,0.807,112.97
43.768,1.199,696.674,0.201,41,0.944,61.72
61.759,1.017,629.61,0.0,49,0.948,106.21
50.141,1.129,545.92,0.142,21,1.239,14.3
51.851,0.978,465.341,0.099,44,1.139,56.82
53.547,0.953,321.219,0.112,58,1.053,66.92
51.716,1.063,791.529,0.229,54,0.999,81.73
54.641,1.052,386.049,0.085,48,0.788,88.88
64.937,1.122,599.547,0.169,38,0.564,103.59
47.948,1.01,658.935,0.123,59,1.023,87.84
55.635,0.775,416.708,0.108,45,1.159,60.37
43.654,0.985,655.702,0.304,5,0.978,2.58
66.602,1.169,614.632,0.005,25,0.893,84.12
34.854,1.005,759.195,0.223,19,1.093,31.47
72.014,1.013,429.598,0.173,9,0.983,22.12
44.398,1.198,307.12,0.082,28,1.337,-1.76
23.538,0.943,424.177,0.25,45,1.247,17.46
46.922,0.819,531.328,0.0,20,1.192,46.03
34.784,1.026,508.732,0.078,48,1.152,54.96
57.61,0.977,440.984,0.023,48,0.742,106.34
35.211,0.905,213.62,0.153,8,1.133,-12.88
38.307,1.024,570.572,0.031,33,1.075,66.72
16.657,1.124,795.852,0.155,31,1.121,34.09
38.215,1.049,569.638,0.105,11,1.099,28.13
10.0,1.096,591.37,0.082,56,1.091,72.57
21.241,1.322,585.867,0.151,37,1.54,-14.71
56.406,0.999,559.557,0.099,19,0.985,50.55
56.787,1.092,639.75,0.033,14,1.187,42.96
51.382,0.974,559.306,0.344,38,0.906,40.44
30.495,0.923,453.098,0.081,54,1.158,69.59
44.284,0.962,380.602,0.0,50,1.188,63.59
44.946,0.978,462.654,0.053,26,1.073,46.88
27.625,1.104,547.119,0.019,12,1.334,7.33
67.551,1.402,452.588,0.186,60,0.823,82.31
58.16,0.943,547.151,0.146,32,0.903,68.92
41.686,0.988,565.873,0.152,31,1.042,56.98
45.403,1.041,624.977,0.09,41,1.176,58.05
48.126,1.109,692.419,0.098,12,1.036,38.47
14.374,1.09,511.701,0.09,41,1.257,33.14
41.292,1.243,303.834,0.114,57,0.868,73.89
34.77,0.686,448.234,0.187,30,0.772,65.28
29.976,0.692,506.609,0.147,20,1.062,38.3
40.783,0.976,224.635,0.16,43,0.985,39.64
71.965,1.215,708.3,0.16,56,1.109,77.74
54.613,0.815,521.357,0.191,52,0.995,73.73
36.432,0.6,557.203,0.143,19,0.932,58.11
53.589,1.136,704.829,0.149,13,0.985,39.03
65.99,1.087,405.479,0.215,3,1.006,-2.04
58.87,0.886,586.106,0.067,19,0.939,70.27
45.894,0.902,483.52,0.052,38,0.959,83.85
35.296,0.905,472.387,0.025,38,0.919,79.2
55.473,1.067,384.171,0.135,48,1.171,42.8
50.902,0.956,749.84,0.0,11,1.039,64.2
58.428,1.124,443.675,0.157,47,1.451,17.14
54.528,0.622,604.92,0.111,30,1.032,72.82
60.743,0.921,218.749,0.211,50,0.89,55.46
36.971,0.881,676.998,0.066,35,1.534,35.83
64.761,1.012,657.832,0.104,5,1.083,24.46
47.964,0.969,514.615,0.21,53,1.198,48.53
76.129,1.17,465.959,0.231,10,1.118,-4.75
34.662,0.771,560.0,0.066,52,1.125,85.88
71.039,1.057,843.319,0.135,8,1.107,40.01
47.969,1.134,235.514,0.144,54,0.78,73.97
35.229,1.328,617.304,0.15,60,1.074,69.29
37.742,0.978,363.257,0.099,8,0.735,43.85
40.195,1.099,497.012,0.223,31,0.965,35.05
51.362,0.779,462.818,0.0,39,0.855,99.3
52.843,0.691,435.752,0.086,14,1.071,38.76
36.394,1.177,498.43,0.156,11,1.067,9.61
44.635,1.049,329.874,0.157,43,1.096,32.84
77.134,1.227,654.377,0.228,51,1.057,67.24
70.913,0.844,230.878,0.216,21,0.879,27.06
51.545,1.128,580.965,0.097,19,0.948,50.82
45.57,1.33,451.02,0.224,56,1.184,36.53
46.8,1.113,324.361,0.063,50,1.214,43.35
54.203,1.091,530.358,0.194,46,0.771,78.92
29.658,1.051,266.457,0.265,34,0.694,39.3
41.139,0.814,505.957,0.217,37,0.855,66.1
19.971,1.253,286.568,0.128,16,1.209,-20.17
50.988,0.958,569.191,0.093,51,1.243,63.3
54.708,1.126,361.346,0.0,56,0.815,103.47
37.752,0.816,432.351,0.145,18,1.061,32.47
68.61,0.873,544.092,0.031,23,1.367,36.98
26.614,1.265,384.119,0.057,14,1.083,10.93
23.034,0.998,491.305,0.025,26,1.284,27.66
48.367,1.268,272.925,0.083,36,1.2,20.45
60.706,1.038,594.631,0.118,10,0.818,54.84
70.259,0.774,764.737,0.142,46,0.962,100.83
38.117,1.184,918.831,0.072,23,1.007,68.62
61.18,0.962,513.675,0.206,50,1.021,57.01
44.422,1.155,618.231,0.103,10,1.183,13.0
42.411,1.054,232.906,0.057,30,1.082,33.19
58.255,0.819,725.41,0.138,18,0.5,112.2
54.785,1.075,616.434,0.277,12,0.737,38.68
21.354,1.379,427.41,0.147,54,0.563,88.82
67.148,1.124,685.577,0.091,17,1.035,51.38
65.701,1.041,461.829,0.0,6,1.048,41.97
35.617,1.211,431.296,0.102,28,1.057,30.74
50.937,1.082,571.3,0.139,17,0.808,60.01
52.41,1.081,340.497,0.089,38,1.135,38.65
48.91,0.886,653.244,0.0,34,1.143,83.65
36.745,1.085,341.602,0.052,45,0.749,87.68
34.926,1.205,342.492,0.236,40,0.707,49.53
44.617,0.925,363.547,0.235,6,1.0,-10.52
62.591,1.264,613.925,0.049,43,1.358,49.85
53.154,1.036,407.484,0.174,11,1.34,-18.4
39.441,0.917,297.801,0.026,37,1.113,48.84
56.575,1.2,409.148,0.232,57,0.854,59.23
10.0,1.007,495.194,0.14,30,1.177,21.06
62.231,1.164,322.854,0.196,39,0.91,41.12
18.904,1.006,327.248,0.0,49,0.846,81.81
39.563,1.041,816.694,0.174,11,0.571,74.86
28.205,1.124,370.915,0.119,4,1.02,1.54
25.58,1.094,451.544,0.188,5,0.874,12.66
62.412,0.751,444.914,0.193,60,1.019,82.19
37.984,0.882,436.796,0.125,55,0.54,123.0
50.198,1.189,593.202,0.072,46,1.034,74.07
44.296,1.03,642.221,0.182,50,0.514,117.08
52.156,0.971,454.107,0.115,7,1.218,1.17
46.152,0.846,314.528,0.05,12,1.104,18.96
25.755,0.888,691.166,0.046,30,0.944,88.32
59.944,0.747,485.699,0.002,17,1.113,61.73
37.594,1.035,759.548,0.079,16,0.804,70.59
21.651,0.96,163.162,0.208,48,1.014,26.0
38.578,0.905,529.31,0.134,25,1.159,31.78
67.511,1.04,787.791,0.078,15,0.5,111.26
57.753,1.105,447.01,0.184,18,0.911,27.93
39.77,1.364,466.176,0.053,32,0.995,47.02
39.761,0.823,544.327,0.128,42,0.961,78.53
40.175,1.224,416.181,0.106,10,1.291,-12.24
76.151,1.196,453.189,0.182,19,0.775,44.53
50.729,0.933,449.328,0.0,32,0.876,83.96
51.451,1.08,405.887,0.052,19,0.617,79.09
60.454,0.981,684.328,0.0,37,1.302,70.84
48.582,1.078,569.162,0.099,3,0.951,30.71
41.114,1.276,537.594,0.217,51,0.912,57.11
42.055,1.141,621.286,0.08,60,0.99,96.32
43.926,1.126,460.347,0.079,26,1.127,30.96
44.442,0.985,383.869,0.19,50,1.069,50.06
55.914,0.827,409.606,0.205,51,1.53,10.88
45.779,1.019,500.267,0.113,27,1.091,37.81
55.99,1.231,341.118,0.175,4,0.907,3.76
43.789,0.821,424.961,0.034,27,0.888,68.96
46.18,0.892,422.583,0.23,16,0.921,16.79
15.027,1.069,818.683,0.292,41,0.7,75.83
58.745,0.902,83.928,0.162,59,1.008,46.37
50.197,0.931,473.057,0.0,53,1.157,79.88
59.97,0.986,758.854,0.075,35,0.877,101.61
10.0,0.845,518.277,0.169,19,0.839,42.4
76.326,0.904,613.013,0.086,33,1.303,56.65
42.906,1.156,514.974,0.222,12,0.715,29.21
61.623,0.854,399.9,0.167,8,0.586,57.99
29.401,0.81,163.713,0.063,41,0.769,73.61
54.192,0.955,530.818,0.123,27,0.692,77.38
29.199,1.16,383.659,0.048,40,1.077,51.06
35.643,1.02,379.95,0.105,39,0.928,59.45
73.71,0.98,425.152,0.076,32,0.956,61.14
42.14,1.057,761.729,0.214,36,1.231,36.96
48.261,0.788,860.726,0.289,20,0.862,61.61
58.051,1.124,532.581,0.006,26,1.155,49.25
52.435,1.108,430.285,0.0,51,1.302,53.77
47.256,0.989,323.416,0.1,58,0.909,83.05
50.474,1.201,570.281,0.0,29,1.147,61.98
81.051,0.881,767.436,0.124,60,0.952,121.64
44.136,1.219,462.899,0.18,29,1.185,15.91
48.016,1.073,143.151,0.24,57,0.686,58.87
60.76,1.0,600.507,0.136,41,0.671,103.21
61.583,1.047,647.81,0.105,23,0.922,68.35
62.805,1.034,262.123,0.0,21,0.822,61.8
54.581,1.233,526.473,0.122,41,0.897,66.27
27.855,0.888,567.684,0.126,25,0.956,55.51
69.501,0.936,489.034,0.171,41,1.144,56.12
27.805,1.205,381.384,0.063,50,0.918,69.8
49.54,0.961,652.391,0.085,46,0.835,102.29
33.686,1.185,439.493,0.002,49,0.93,82.66
44.038,1.305,277.222,0.0,17,0.846,49.11
49.931,0.99,192.579,0.031,45,0.813,78.74
49.82,1.152,689.127,0.0,4,0.677,77.56
51.329,0.877,592.5,0.147,37,1.014,62.32
69.206,1.163,513.196,0.079,53,0.886,88.49
51.803,1.08,433.959,0.077,22,1.193,25.45
41.338,1.121,420.65,0.041,30,0.711,80.7
59.461,0.953,338.64,0.0,59,0.892,105.78
62.842,0.801,435.282,0.241,60,1.363,39.14
26.586,1.125,181.987,0.04,17,0.812,28.29
53.961,0.74,389.59,0.087,18,0.953,51.54
55.518,1.002,453.359,0.004,35,0.757,98.7
40.537,1.191,591.482,0.198,49,0.73,80.35
65.636,1.079,494.011,0.131,14,1.309,9.41
42.749,1.342,619.238,0.054,41,1.034,62.5
46.884,1.204,702.37,0.089,41,1.027,74.19
42.404,0.952,658.726,0.254,45,0.661,92.91
45.234,1.054,570.576,0.114,22,1.072,38.55
28.556,1.043,501.779,0.105,31,1.231,26.25
23.399,0.813,352.882,0.045,45,1.23,44.81
68.918,0.909,610.992,0.0,51,1.134,105.14
32.296,0.966,751.962,0.107,5,0.774,61.21
30.129,0.745,551.316,0.146,50,1.063,75.52
12.699,1.057,787.589,0.208,7,1.134,10.38
35.416,1.013,271.164,0.0,4,0.641,51.21
25.154,0.799,326.875,0.03,25,0.776,69.6
69.63,1.111,628.28,0.074,28,1.178,55.62
60.147,1.157,539.644,0.12,28,1.175,28.68
34.678,1.084,697.067,0.108,9,0.69,73.13
78.787,1.001,497.679,0.11,12,1.159,22.77
59.726,1.139,369.804,0.153,7,1.019,1.12
40.128,1.152,467.961,0.048,49,1.156,60.46
10.0,1.096,270.097,0.195,14,0.873,8.81
79.364,0.926,330.711,0.155,34,1.129,29.88
24.156,1.091,645.867,0.094,44,1.169,56.64
20.319,1.229,630.918,0.248,33,0.93,34.95
60.339,0.961,554.451,0.245,24,1.004,32.26
81.596,1.365,241.838,0.195,19,0.87,14.04
65.764,0.971,446.239,0.0,22,1.33,30.78
53.459,1.055,316.25,0.246,22,0.976,6.65
53.921,0.949,676.48,0.184,45,0.816,91.19
57.801,1.083,412.442,0.281,10,0.857,3.42
56.384,0.789,337.138,0.219,49,1.025,52.66
49.218,0.968,504.469,0.246,36,1.151,23.9
46.563,0.886,403.977,0.19,51,0.733,83.75
44.061,1.07,722.562,0.228,25,1.37,7.47
33.691,1.199,389.778,0.28,40,1.062,4.02
40.79,1.147,290.116,0.137,55,1.093,44.13
19.606,0.694,177.063,0.0,30,0.981,61.75
43.525,1.356,495.382,0.095,15,1.004,18.07
30.171,1.094,415.71,0.151,31,0.97,39.73
28.446,0.934,285.664,0.126,10,1.204,-9.86
47.698,1.074,678.384,0.02,13,0.998,56.74
65.88,1.076,600.087,0.0,49,1.153,83.34
58.775,0.95,495.767,0.061,47,0.913,93.58
21.442,1.08,704.649,0.185,20,1.039,35.72
30.156,0.959,599.38,0.246,52,0.839,73.59
59.112,0.989,376.572,0.193,27,1.243,7.05
30.263,0.947,344.117,0.205,51,0.833,66.01
41.631,0.835,622.697,0.114,24,0.935,66.81
53.251,1.072,559.455,0.0,47,0.937,93.91
30.475,1.138,525.462,0.084,37,0.929,63.92
46.581,1.127,373.025,0.099,31,1.144,32.83
24.99,1.173,591.192,0.08,23,0.937,49.4
35.979,1.099,386.675,0.124,58,1.279,31.74
49.797,0.97,484.702,0.155,9,0.836,38.36
21.105,1.176,717.042,0.188,14,1.034,19.97
51.607,0.846,400.875,0.098,38,0.845,71.71
44.705,0.915,264.052,0.0,26,1.084,37.79
53.287,0.905,342.118,0.081,34,0.997,59.36
48.359,1.212,649.145,0.123,29,0.969,52.62
65.462,1.191,538.21,0.218,34,1.238,14.13
46.878,1.123,480.668,0.075,34,0.869,68.54
38.559,1.211,423.636,0.161,34,1.117,19.24
46.834,0.918,572.804,0.143,28,0.846,68.19
53.149,1.102,372.634,0.124,13,1.023,15.87
45.733,1.031,545.85,0.194,48,0.761,79.09
45.609,1.177,390.312,0.067,20,0.867,43.0
34.47,1.033,365.351,0.074,41,0.984,59.55
35.056,0.992,404.377,0.119,7,1.363,-18.56
23.961,1.131,443.689,0.069,18,1.02,28.01
71.244,1.181,492.676,0.161,13,1.331,-0.66
26.342,0.95,535.318,0.063,56,1.044,88.11
34.606,1.041,50.0,0.138,37,0.923,27.39
34.224,0.891,378.852,0.112,50,1.308,38.27
58.424,0.675,441.265,0.137,13,1.087,33.13
40.576,1.08,725.759,0.083,44,0.871,95.66
63.716,1.141,338.0,0.093,25,1.094,30.23
34.898,1.089,524.419,0.128,57,0.941,80.8
49.185,0.758,724.255,0.136,36,0.602,119.96
32.47,0.997,303.055,0.12,50,1.187,38.79
77.177,0.717,559.096,0.256,19,1.219,19.31
27.186,1.255,379.659,0.041,12,1.368,-4.77
49.647,0.887,424.305,0.115,20,1.084,29.84
54.507,1.238,379.533,0.0,46,0.95,74.76
51.207,1.192,390.221,0.15,10,1.167,-4.87
42.221,0.915,908.287,0.031,28,1.17,78.61
43.053,0.88,626.668,0.098,5,1.328,8.03
45.657,1.103,665.261,0.09,54,0.991,88.46
42.795,0.923,573.799,0.142,26,0.967,55.09
59.458,1.065,259.061,0.076,5,0.857,27.03
78.158,0.978,559.244,0.072,40,1.107,72.92
36.638,0.783,660.939,0.235,4,0.69,51.37
24.453,0.715,371.99,0.143,37,1.155,30.47
43.676,1.084,644.799,0.075,19,1.118,39.09
83.696,0.966,605.65,0.1,11,1.117,39.98
32.945,0.967,777.806,0.252,38,1.028,50.17
69.587,1.154,437.333,0.101,24,1.307,7.74
70.166,1.226,335.358,0.065,33,1.174,30.92
36.696,1.009,445.756,0.065,57,0.879,97.58
53.535,0.999,715.336,0.076,36,0.882,98.49
69.426,1.125,225.739,0.072,26,0.824,48.82
39.313,0.846,189.744,0.018,11,1.11,19.43
41.946,1.083,513.409,0.03,48,0.8,103.59
36.275,1.133,433.612,0.054,60,1.217,67.46
29.779,1.152,501.159,0.167,45,1.265,24.19
35.261,0.759,641.797,0.09,4,0.824,53.44
26.641,0.936,417.115,0.103,23,0.963,40.5
45.511,0.918,219.049,0.222,36,1.003,18.94
33.45,1.065,806.672,0.224,29,1.177,30.64
48.507,1.122,350.416,0.097,39,1.322,18.58
21.662,1.275,341.144,0.07,9,0.663,35.39
49.963,0.976,665.558,0.051,24,0.936,76.15
57.503,0.975,442.327,0.175,6,0.947,21.07
15.094,1.222,490.492,0.104,16,0.72,44.1
50.611,1.094,572.419,0.089,36,0.903,75.93
63.415,1.24,662.537,0.055,25,1.086,54.92
26.855,1.093,449.981,0.058,46,0.944,75.31
70.089,0.876,727.993,0.146,44,0.691,118.78
51.285,0.85,179.63,0.015,27,1.575,-5.25
34.425,0.817,613.968,0.2,3,1.053,13.24
44.163,1.149,374.071,0.077,53,1.022,65.68
53.375,1.228,705.841,0.108,57,0.78,109.43
46.14,1.327,521.307,0.013,50,1.052,71.94
53.081,1.176,399.064,0.119,17,0.967,28.85
31.19,1.224,599.426,0.094,34,0.622,85.26
47.54,0.963,633.978,0.116,16,0.786,65.92
23.794,0.877,596.284,0.238,43,1.159,41.42
43.332,1.178,345.546,0.134,23,1.389,-16.27
31.441,1.113,427.397,0.056,57,1.073,74.68
33.967,1.066,499.389,0.063,49,1.221,53.7
63.541,1.108,493.811,0.168,60,0.969,76.11
61.37,1.098,612.462,0.224,9,0.983,13.84
54.137,1.243,197.765,0.143,38,1.218,10.12
28.615,1.244,550.149,0.175,23,1.333,-11.76
40.254,1.132,456.503,0.169,52,1.26,36.37
63.196,1.177,374.225,0.234,42,0.787,49.58
47.126,1.127,388.627,0.0,14,0.987,44.85
79.79,0.981,467.819,0.173,17,1.056,36.71
50.9,1.163,50.0,0.199,17,0.948,-17.59
47.881,0.841,394.807,0.013,19,1.078,43.89
40.363,1.208,368.628,0.049,36,1.164,37.2
47.003,0.871,579.917,0.052,46,1.201,75.14
42.713,1.093,379.171,0.062,37,1.337,26.31
55.622,0.923,467.733,0.081,41,0.934,77.11
59.351,1.133,731.341,0.139,40,0.727,106.68
33.21,1.045,649.153,0.189,16,1.072,23.05
25.032,0.811,635.341,0.207,57,1.377,40.65
17.457,1.113,425.019,0.053,7,0.905,25.67
52.62,0.963,581.455,0.052,32,1.137,56.81
28.45,1.182,464.915,0.225,6,1.139,-16.08
12.707,1.05,470.586,0.172,17,1.038,8.46
50.829,1.109,561.453,0.127,41,1.001,65.29
82.395,0.906,410.451,0.158,37,0.815,74.42
44.909,0.962,723.95,0.118,47,0.544,128.59
57.577,0.981,475.98,0.162,12,0.778,38.87
46.227,1.179,592.754,0.093,57,0.922,95.28
43.517,1.302,718.34,0.142,4,1.219,5.12
58.786,0.929,654.748,0.0,46,0.979,105.59
40.646,1.212,288.662,0.065,26,0.896,33.57
49.011,0.725,566.734,0.066,30,0.822,95.87
49.825,0.871,627.608,0.09,24,1.131,46.8
34.979,0.906,633.779,0.046,46,1.272,71.56
59.881,0.847,333.006,0.077,34,1.213,36.9
42.376,0.812,401.445,0.0,33,1.121,58.33
33.664,1.112,649.184,0.164,21,0.705,64.65
53.048,1.018,385.736,0.113,53,0.93,73.63
31.523,1.107,455.046,0.0,23,1.389,12.76
45.423,1.154,736.381,0.053,5,1.224,25.11
44.863,1.09,492.83,0.147,8,0.692,36.42
61.288,1.149,390.984,0.077,34,0.989,58.96
52.12,1.04,368.357,0.064,4,1.073,13.66
44.625,0.872,549.908,0.114,26,0.848,65.22
57.266,1.209,300.028,0.147,47,0.538,84.24
65.853,0.962,462.9,0.005,29,1.02,74.21
53.367,0.91,549.985,0.164,11,0.842,47.62
45.155,1.023,694.872,0.056,15,0.843,76.97
25.322,0.913,600.132,0.119,57,0.929,91.73
29.023,0.987,392.89,0.117,16,0.973,26.74
40.422,1.102,676.763,0.078,53,0.998,93.49
35.857,1.102,455.073,0.038,13,0.823,53.43
42.195,0.915,314.645,0.097,16,0.956,34.99
45.85,0.977,474.194,0.25,18,0.649,44.21
52.945,1.211,715.725,0.011,12,1.062,51.52
43.943,1.124,524.786,0.255,22,0.5,59.44
52.298,1.361,501.878,0.099,18,0.942,32.75
45.967,1.227,745.582,0.123,60,1.184,79.41
15.368,1.222,285.297,0.033,36,0.788,52.7
30.91,0.842,307.16,0.058,59,1.143,72.98
42.839,1.165,257.623,0.08,18,1.231,-7.44
26.855,1.042,555.897,0.036,16,0.5,91.16
53.999,0.967,524.974,0.103,55,0.97,94.67
67.961,1.075,731.41,0.087,30,0.5,123.56
63.281,1.192,536.521,0.268,20,0.976,17.56
41.798,1.125,439.376,0.027,28,0.999,49.11
67.361,0.918,500.269,0.128,40,0.503,111.98
47.23,1.161,517.656,0.14,9,1.385,-13.79
39.944,0.954,249.236,0.034,47,1.057,58.62
35.799,1.083,906.55,0.175,36,0.83,87.01
40.463,1.004,577.981,0.088,49,1.293,58.46
39.177,1.017,531.501,0.0,51,0.641,124.09
47.556,1.165,592.275,0.173,47,0.754,85.75
47.409,0.894,606.412,0.031,9,0.54,96.64
45.046,1.342,478.917,0.036,35,1.36,21.5
51.554,0.777,405.314,0.175,37,1.066,45.1
62.86,0.96,589.918,0.092,54,1.132,81.5
59.243,1.106,557.857,0.193,52,1.06,58.07
22.727,1.138,378.516,0.217,41,1.115,17.56
10.0,1.035,712.855,0.068,23,1.016,52.74
59.015,1.041,544.003,0.183,51,1.054,67.83
24.497,1.112,609.473,0.06,30,1.022,55.97
41.629,1.015,708.788,0.299,34,0.878,47.13
27.448,1.259,503.283,0.065,46,0.991,63.14
17.97,1.176,547.543,0.202,18,1.055,5.99
53.122,1.181,621.504,0.188,58,1.022,76.75
56.387,0.905,391.271,0.145,12,0.704,50.31
36.352,1.038,508.108,0.066,25,0.731,74.36
10.0,1.005,518.832,0.108,50,1.217,52.46
36.806,0.899,356.591,0.0,54,0.939,96.51
50.877,1.104,847.646,0.138,52,1.117,91.23
22.816,0.969,288.906,0.148,17,0.782,35.02
47.75,1.148,305.284,0.131,57,0.705,83.82
44.77,0.889,697.134,0.0,45,0.831,125.92
53.689,1.308,606.99,0.019,52,0.955,99.8
46.794,0.916,346.105,0.06,8,0.867,45.1
30.404,1.083,591.093,0.143,35,1.259,31.65
62.949,1.169,720.178,0.143,57,1.036,92.1
42.622,0.964,495.461,0.106,41,1.37,30.73
44.59,1.178,889.823,0.171,14,1.081,35.24
31.001,0.866,241.391,0.038,54,0.517,117.28
38.351,1.268,604.074,0.169,38,1.211,21.47
31.728,1.052,674.979,0.158,33,0.698,87.77
42.406,0.961,633.702,0.15,12,1.046,30.56
70.676,1.005,469.347,0.105,55,0.845,104.65
24.421,1.171,456.434,0.266,36,1.429,-26.31
20.797,0.962,566.622,0.159,43,1.288,36.4
67.068,0.938,622.363,0.043,12,0.852,71.96
41.86,1.017,590.371,0.14,54,0.975,77.81
34.964,0.873,656.009,0.18,13,1.049,36.45
60.599,1.323,347.17,0.073,59,1.173,58.95
35.916,0.965,465.834,0.207,16,1.006,16.64
72.39,1.175,358.998,0.151,5,0.795,25.08
55.169,1.081,442.083,0.0,59,0.856,113.5
37.681,0.902,652.283,0.144,35,0.999,66.53
77.36,1.049,516.198,0.088,9,1.247,13.77
35.914,1.168,891.029,0.163,6,1.086,26.65
56.131,1.022,529.011,0.196,41,0.845,75.84
49.489,1.229,508.954,0.136,50,1.13,60.7
64.526,1.203,515.927,0.253,12,0.923,18.36
68.423,1.188,404.329,0.106,17,1.178,14.4
45.48,0.981,491.325,0.17,18,1.505,-19.12
33.699,0.888,669.168,0.184,40,0.928,69.51
51.9,0.958,517.096,0.112,6,1.16,11.71
34.834,1.079,380.981,0.182,6,0.851,9.64
75.201,1.132,361.237,0.072,58,0.978,92.21
47.048,0.724,432.47,0.086,57,1.006,99.52
39.52,1.049,511.08,0.015,38,0.961,80.71
47.77,1.074,679.038,0.139,29,1.493,8.52
24.793,1.008,298.927,0.146,24,0.939,27.32
30.426,1.244,452.026,0.214,24,1.117,-0.93
63.006,1.113,521.647,0.183,19,0.614,57.19
35.147,1.247,224.944,0.097,47,1.086,33.61
29.296,1.018,374.96,0.026,36,1.228,34.76
53.05,1.191,398.017,0.155,34,0.894,42.89
62.786,1.295,380.604,0.209,54,0.5,92.19
55.784,1.247,528.783,0.18,8,0.992,9.21
59.941,0.886,475.916,0.207,56,1.003,72.19
33.648,1.012,416.707,0.103,35,1.145,35.66
23.673,0.998,564.194,0.083,10,1.402,-10.63
67.52,1.123,758.461,0.061,52,0.924,118.16
40.16,1.153,745.888,0.116,55,0.829,103.2
41.238,0.924,211.584,0.114,38,0.767,59.22
64.923,1.06,586.561,0.137,7,1.04,25.67
53.343,0.747,473.297,0.11,7,1.096,26.91
51.838,1.266,523.273,0.109,49,0.891,82.02
77.475,0.973,440.258,0.058,12,1.156,31.7
35.347,1.058,517.638,0.195,42,1.093,41.67
58.918,1.004,522.711,0.126,60,1.009,89.22
45.855,1.222,413.157,0.106,9,0.82,30.79
49.029,0.624,365.545,0.06,14,0.904,58.17
67.927,1.048,432.696,0.013,32,0.514,107.54
52.618,1.034,535.139,0.225,27,1.047,27.64
53.074,0.982,589.849,0.164,30,1.005,56.37
61.088,1.309,628.002,0.0,45,1.038,99.18
39.526,0.917,425.871,0.181,15,1.101,5.96
32.412,1.166,542.577,0.194,49,1.077,47.58
29.328,1.103,644.375,0.13,51,0.978,75.56
15.505,1.239,674.839,0.248,24,1.01,24.38
75.843,0.95,491.175,0.137,56,0.719,108.07
28.452,0.94,466.86,0.007,20,0.883,66.35
41.681,1.214,528.669,0.149,29,1.01,31.28
40.848,1.114,327.544,0.14,10,0.853,17.96
49.611,0.818,470.959,0.072,8,1.172,23.59
57.236,0.969,611.688,0.166,13,0.868,52.09
57.907,1.108,596.292,0.0,31,1.043,70.02
36.254,1.176,459.46,0.199,60,1.023,59.55
42.493,0.948,532.658,0.05,43,1.149,67.24
49.239,0.613,376.302,0.041,60,1.18,89.86
41.27,1.128,605.524,0.111,7,1.139,17.87
69.11,0.867,488.327,0.155,9,0.579,65.69
52.365,0.747,458.607,0.133,24,1.239,31.28
56.023,0.625,445.741,0.061,49,1.305,65.94
54.943,1.172,490.566,0.08,55,0.904,93.4
62.602,1.069,432.818,0.029,56,1.047,88.98
47.715,1.016,598.721,0.102,6,0.822,49.08
25.548,1.258,440.707,0.206,34,0.61,54.72
50.995,1.146,738.945,0.12,21,0.852,70.29
35.23,1.292,719.782,0.189,47,0.892,75.07
37.071,0.841,366.268,0.236,35,0.929,35.97
53.795,1.045,510.456,0.073,3,0.808,42.27
63.574,0.807,402.402,0.105,56,0.853,104.11
45.319,1.016,451.003,0.294,48,0.998,33.13
49.632,1.013,800.364,0.236,43,0.846,79.06
70.533,1.144,453.864,0.0,58,1.109,86.09
48.611,1.057,554.034,0.151,46,1.136,52.39
84.025,1.144,581.198,0.12,52,1.476,37.57
53.483,1.156,349.906,0.186,43,1.225,11.5
18.589,1.373,371.736,0.06,10,1.049,-2.67
56.3,1.003,319.097,0.053,34,0.876,69.08
50.717,0.909,367.104,0.066,32,1.059,47.01
64.346,1.087,72.495,0.074,48,1.065,40.93
55.098,0.93,581.687,0.185,30,0.897,67.61
42.923,1.272,808.129,0.026,43,1.157,77.95
26.636,1.008,522.173,0.07,54,0.72,109.91
41.865,0.965,287.56,0.0,34,0.951,60.81
32.242,0.979,403.584,0.201,27,1.111,21.2
36.292,1.158,431.168,0.222,36,0.942,30.05
53.829,1.026,347.362,0.094,35,0.959,53.27
70.049,0.954,629.027,0.096,15,0.972,62.51
50.92,1.3,621.539,0.156,27,0.833,54.35
27.062,0.922,326.682,0.238,44,1.235,10.92
51.669,1.055,608.762,0.153,42,0.796,84.29
62.949,1.148,729.022,0.064,41,1.064,81.42
35.853,0.805,785.384,0.0,58,1.083,123.16
42.99,1.122,929.782,0.031,46,0.81,129.93
45.22,0.892,364.701,0.126,51,1.015,64.21
33.227,1.173,923.633,0.068,59,0.818,128.29
54.724,0.906,446.869,0.136,46,1.278,40.76
43.186,1.154,411.13,0.076,50,0.772,83.46
51.293,1.216,549.061,0.035,12,0.869,47.0
31.688,1.179,412.691,0.026,59,0.755,105.71
38.438,1.088,559.857,0.245,33,0.728,60.78
55.836,1.015,301.988,0.191,46,1.318,18.09
39.408,0.964,464.187,0.258,13,1.109,-13.02
70.904,1.271,692.837,0.163,27,1.028,46.71
39.005,0.945,491.441,0.086,48,0.869,85.03
48.37,0.894,521.239,0.226,56,1.182,53.22
58.989,1.15,571.289,0.117,54,0.835,95.2
23.725,0.931,675.599,0.138,47,1.159,64.88
18.588,0.907,251.716,0.117,36,0.825,52.15
22.115,0.833,587.679,0.0,22,0.871,73.87
63.939,0.978,459.779,0.248,9,1.152,-9.48
36.722,1.038,524.996,0.159,35,1.173,31.99
83.373,1.086,658.993,0.146,59,1.119,87.25
36.536,1.193,320.872,0.115,37,0.79,50.29
47.768,1.129,348.103,0.133,31,0.911,36.36
68.132,1.021,209.686,0.072,54,1.031,66.66
75.091,1.02,417.626,0.169,14,0.83,35.56
75.923,1.127,699.565,0.015,7,1.274,28.28
63.125,1.241,481.912,0.135,14,0.52,65.92
60.361,1.069,298.981,0.165,31,0.844,42.91
53.888,0.98,427.148,0.104,37,0.898,65.14
56.675,0.901,276.821,0.15,22,0.5,70.23
36.732,0.833,331.222,0.041,39,0.721,91.62
32.727,1.15,558.323,0.043,3,1.125,13.31
44.949,1.137,323.919,0.139,18,1.006,14.43
42.447,1.137,666.895,0.174,32,1.315,19.76
38.202,1.031,489.332,0.0,11,1.309,16.83
55.446,1.261,512.839,0.162,44,1.087,47.73
59.33,0.977,458.244,0.077,12,1.063,35.59
46.326,1.193,615.927,0.105,15,1.013,40.29
67.163,1.044,617.474,0.013,50,0.5,153.06
27.875,0.959,550.258,0.052,22,0.721,80.13
42.095,1.139,584.718,0.197,31,1.02,35.47
34.248,1.111,468.187,0.123,59,1.123,60.87
17.002,1.104,581.33,0.089,6,1.058,14.26
43.76,1.062,449.318,0.111,48,0.822,82.42
43.174,1.044,500.335,0.159,51,1.187,51.07
67.702,1.408,458.803,0.155,30,1.296,1.09
54.462,1.228,431.417,0.114,39,1.188,32.39
29.637,1.158,396.633,0.207,15,1.198,-19.99
72.811,1.067,570.154,0.198,59,0.888,91.68
63.316,1.201,696.591,0.153,5,1.215,5.95
53.731,1.128,675.665,0.124,39,1.029,65.17
41.603,1.054,311.515,0.173,50,1.102,35.6
30.608,1.004,693.38,0.145,21,1.073,41.66
39.417,1.038,452.276,0.205,30,0.976,31.66
61.331,0.6,590.11,0.192,21,0.828,69.8
73.269,1.082,364.068,0.039,19,0.984,47.48
68.149,0.977,521.297,0.033,20,1.197,42.36
37.667,1.289,547.058,0.064,20,0.912,50.26
28.206,1.053,277.309,0.198,59,1.179,27.64
47.113,0.872,591.24,0.0,25,1.147,63.03
18.473,1.043,701.89,0.152,42,0.94,66.1
49.848,0.893,473.803,0.149,52,1.278,47.69
42.786,1.121,704.025,0.213,11,0.929,23.77
38.009,1.094,471.546,0.134,31,1.302,16.28
21.079,1.194,627.438,0.013,53,1.087,84.79
52.704,0.931,167.215,0.043,44,0.997,62.11
37.009,1.055,862.817,0.025,31,0.822,106.88
27.451,0.845,724.319,0.077,4,0.982,44.93
10.0,1.155,457.306,0.105,19,0.959,22.71
44.587,1.128,204.187,0.027,59,0.748,100.25
71.584,1.124,543.204,0.238,58,0.956,77.26
69.919,1.05,283.411,0.014,47,0.839,91.02
38.144,1.112,566.728,0.228,33,1.117,22.1
35.967,1.291,561.735,0.215,30,1.261,5.92
52.032,1.007,358.79,0.192,45,0.755,66.84
30.024,1.071,668.145,0.064,50,1.342,57.85
49.527,0.887,620.836,0.147,54,0.974,95.52
56.491,0.92,646.374,0.018,41,0.805,112.33
63.404,1.065,501.329,0.193,32,1.152,31.79
43.498,1.216,287.671,0.114,37,0.911,44.42
41.945,1.012,646.681,0.087,50,0.984,90.0
31.83,1.015,459.444,0.022,53,0.919,90.04
32.597,0.989,291.533,0.0,22,0.837,55.23
41.603,0.97,702.806,0.037,18,1.145,53.69
50.51,1.094,814.911,0.209,36,0.943,64.18
58.704,0.825,493.813,0.088,16,0.713,76.83
32.952,1.242,823.868,0.106,28,1.11,53.66
67.39,0.95,513.697,0.172,22,0.759,67.22
40.933,1.158,442.932,0.264,44,0.769,47.31
44.679,0.86,405.431,0.226,53,1.239,40.33
33.792,1.15,745.562,0.042,26,0.761,96.27
10.0,1.151,382.978,0.0,45,0.537,107.71
58.261,1.108,610.29,0.309,20,1.125,-0.16
56.053,0.901,416.125,0.302,45,0.939,42.55
40.78,1.087,430.954,0.135,11,0.956,20.25
46.005,0.873,654.537,0.018,21,0.937,80.85
52.739,1.012,442.994,0.197,22,1.046,21.59
21.562,1.204,439.281,0.111,44,0.849,64.02
37.064,1.17,669.921,0.111,32,1.295,30.56
56.914,1.052,739.61,0.192,28,0.705,83.38
26.186,0.904,596.703,0.147,33,1.089,45.89
49.403,1.147,401.785,0.025,37,1.128,49.08
24.651,1.053,423.409,0.094,5,0.848,24.89
51.996,0.702,511.987,0.173,58,0.795,114.24
44.465,1.167,548.14,0.161,42,1.203,40.56
20.773,1.046,351.82,0.141,31,0.802,49.03
62.471,1.23,608.456,0.195,8,0.879,31.95
33.981,0.886,512.827,0.091,54,1.177,72.02
32.846,0.6,242.644,0.134,3,1.007,10.84
48.009,1.092,360.661,0.0,54,0.641,112.35
62.23,1.094,424.381,0.084,26,1.349,13.73
29.763,0.796,489.071,0.181,40,0.894,63.92
45.925,0.903,783.392,0.089,36,0.919,91.5
51.432,1.463,535.726,0.083,53,1.051,58.7
55.397,1.004,373.884,0.037,9,1.125,23.39
47.647,1.16,533.095,0.2,13,1.392,-20.65
39.495,0.952,447.187,0.164,13,0.668,46.73
32.586,0.736,548.714,0.186,38,1.165,42.01
46.292,1.024,587.085,0.0,22,1.149,57.43
28.918,1.01,681.385,0.107,18,0.973,47.33
10.0,0.99,496.357,0.098,7,1.157,4.86
51.548,1.033,745.844,0.098,26,1.187,50.48
58.559,1.09,636.203,0.071,32,0.724,98.25
10.0,1.027,393.884,0.092,32,1.35,3.95
29.854,0.86,831.478,0.188,41,0.688,107.58
54.287,1.123,549.049,0.0,59,0.773,126.32
75.862,0.758,374.731,0.262,50,0.948,63.89
45.312,0.742,747.937,0.159,49,1.385,59.77
34.08,1.161,811.667,0.117,39,0.938,82.3
42.257,1.126,495.046,0.193,35,0.994,46.13
65.623,1.041,424.452,0.004,22,1.286,41.14
35.311,0.841,474.144,0.067,56,0.94,94.39
33.012,0.944,607.21,0.11,24,0.764,66.11
37.759,1.011,691.678,0.229,43,0.917,69.14
30.7,0.811,585.573,0.116,60,1.274,71.33
46.84,0.939,515.258,0.156,23,1.014,42.98
69.37,1.148,724.702,0.073,39,1.386,51.24
49.846,1.264,453.075,0.159,56,1.148,47.43
41.215,0.987,654.638,0.254,29,0.871,54.12
40.623,1.163,456.791,0.2,40,1.01,41.2
21.552,0.763,564.653,0.113,37,0.829,78.96
58.247,1.149,482.966,0.174,40,0.866,58.62
43.832,0.929,491.622,0.166,42,1.8,-15.6
42.293,1.096,443.392,0.161,8,1.204,-8.91
92.897,1.013,701.728,0.209,34,1.172,50.75
49.481,1.248,390.061,0.208,18,0.875,17.99
33.723,0.919,388.965,0.11,30,1.314,18.65
38.605,1.144,818.149,0.171,18,1.22,30.4
62.227,1.008,646.677,0.089,29,1.376,37.0
46.699,1.026,142.233,0.046,55,1.367,27.09
23.426,1.022,415.211,0.098,5,0.704,39.33
58.788,0.923,228.202,0.114,51,0.778,82.05
34.978,1.048,357.396,0.0,23,0.799,67.41
73.099,1.041,50.0,0.189,40,0.811,41.1
61.201,1.086,479.452,0.0,40,1.065,82.23
38.29,1.063,328.709,0.337,32,0.887,8.39
64.215,1.17,508.986,0.24,24,1.415,-14.47
46.018,1.189,256.232,0.099,21,1.381,-9.01
57.792,0.892,512.437,0.121,33,0.999,60.44
52.271,1.18,437.763,0.144,22,1.391,-8.34
32.305,0.872,725.293,0.073,49,1.298,68.12
35.347,1.138,711.704,0.135,21,0.91,54.06
60.449,1.143,617.802,0.108,4,0.598,64.05
39.978,0.763,451.008,0.112,42,0.956,77.91
38.945,1.064,797.807,0.135,41,0.871,91.26
30.673,0.98,267.045,0.015,29,1.041,39.25
51.354,0.936,289.466,0.123,10,1.018,16.71
75.938,1.253,487.433,0.133,47,1.013,64.11
28.987,0.952,838.106,0.13,56,1.105,95.52
45.363,0.929,469.649,0.103,29,0.757,71.23
66.183,1.061,472.513,0.211,17,1.082,15.15
43.805,1.153,283.713,0.092,14,0.912,24.79
51.786,1.029,641.889,0.138,49,1.04,75.39
29.064,1.225,642.976,0.224,16,1.191,-7.39
51.425,1.13,618.361,0.114,9,0.755,55.12
42.193,0.723,405.617,0.137,19,0.944,47.89
59.786,0.971,393.994,0.112,28,0.976,52.71
62.811,0.966,306.032,0.219,39,0.897,43.8
83.843,1.122,512.581,0.099,22,1.18,29.79
53.694,0.656,337.939,0.223,12,0.856,28.51
49.887,1.432,323.388,0.112,21,0.889,20.54
47.916,1.13,436.446,0.051,20,0.858,55.81
39.703,1.072,426.627,0.174,32,1.218,13.52
50.077,1.227,419.303,0.096,32,0.902,49.2
40.569,1.402,569.967,0.17,27,1.092,21.93
47.527,1.181,511.857,0.0,26,1.395,24.06
64.764,1.192,456.777,0.12,12,0.985,26.82
29.902,1.07,527.452,0.083,4,1.222,-4.45
62.098,1.029,351.271,0.035,40,1.334,28.85
64.757,0.979,515.792,0.076,34,1.205,45.6
43.229,0.926,522.59,0.074,37,0.997,68.97
13.172,0.947,274.543,0.116,53,1.128,44.66
35.883,0.847,649.354,0.011,39,0.743,109.46
64.455,1.039,367.785,0.145,9,0.844,35.72
44.657,0.797,513.546,0.229,9,0.879,29.2
30.01,1.079,674.662,0.142,29,1.448,15.15
37.428,1.045,638.852,0.185,12,0.837,37.61
57.609,1.072,505.15,0.208,35,0.835,59.34
53.201,0.972,445.625,0.219,45,0.791,70.02
41.416,1.512,642.127,0.27,57,1.112,38.12
39.498,1.254,601.204,0.08,9,1.029,25.39
39.124,0.863,407.245,0.063,8,1.217,13.36
31.164,1.085,380.766,0.183,8,1.134,-9.75
69.231,0.959,189.147,0.177,15,0.724,31.56
40.165,0.898,523.105,0.182,50,0.839,83.46
63.257,0.849,487.595,0.271,15,1.273,-13.65
67.82,1.115,670.429,0.121,4,0.959,40.79
59.975,0.948,553.858,0.154,21,1.238,29.44
38.526,1.195,700.134,0.042,53,0.97,93.69
51.056,1.199,395.395,0.291,21,0.806,14.98
44.637,1.256,670.723,0.093,52,0.939,91.29
31.444,0.922,420.663,0.095,59,0.806,99.58
49.865,1.121,616.639,0.092,40,0.887,82.73
27.314,1.145,281.186,0.068,4,1.04,-2.74
62.815,0.979,535.27,0.062,53,1.102,83.73
38.031,0.934,202.297,0.078,28,0.682,62.64
48.017,1.291,459.929,0.011,8,0.997,29.7
49.249,1.084,566.053,0.057,22,0.883,61.07
41.116,1.145,421.855,0.276,25,0.87,17.84
53.8,0.927,342.434,0.179,56,1.027,66.93
37.876,0.867,626.918,0.194,17,0.89,45.03
58.069,0.965,484.481,0.214,8,1.276,-16.52
24.81,1.031,426.564,0.267,30,1.238,-8.43
46.896,0.89,506.284,0.0,37,1.236,59.57
74.084,1.049,895.5,0.022,13,0.901,86.99
29.995,0.797,673.025,0.056,10,0.808,73.67
34.834,0.882,674.386,0.082,59,1.016,101.36
52.709,1.151,565.332,0.096,56,0.97,85.68
47.694,1.141,524.973,0.084,52,0.878,90.36
50.259,0.991,140.588,0.138,51,0.765,62.6
52.338,0.897,398.153,0.123,53,0.992,69.44
54.521,0.896,427.914,0.062,53,0.919,97.59
61.645,0.994,218.766,0.0,26,1.138,29.72
51.147,1.147,326.388,0.041,23,1.133,22.44
41.381,1.189,202.875,0.076,51,1.22,24.34
55.089,0.976,494.251,0.1,38,0.748,87.68
73.498,0.877,622.815,0.03,9,1.08,57.05
43.01,1.09,666.016,0.081,7,0.855,52.63
30.382,0.926,562.218,0.03,60,0.756,134.6
61.606,0.972,355.491,0.11,31,0.914,59.6
43.194,1.249,210.19,0.034,18,1.214,-4.4
12.41,1.174,236.47,0.052,8,0.926,3.78
57.711,1.074,309.653,0.015,16,1.313,18.41
36.97,0.859,366.671,0.108,60,1.11,74.07
43.642,1.082,476.038,0.051,54,0.921,93.34
49.98,1.209,347.875,0.193,4,1.232,-31.24
47.857,0.994,550.846,0.152,27,1.089,39.28
55.642,1.253,465.159,0.114,33,0.813,56.87
38.468,1.244,501.582,0.056,52,1.372,41.11
52.697,1.3,671.038,0.15,52,1.052,68.91
41.107,1.096,322.965,0.175,15,1.004,2.37
56.082,1.138,562.806,0.131,20,0.829,53.07
54.231,1.262,497.904,0.248,19,1.236,-8.23
30.968,1.117,449.977,0.157,47,1.103,41.75
61.29,0.975,632.788,0.193,30,1.126,49.23
36.961,0.983,631.852,0.131,14,0.898,42.11
57.121,1.086,358.026,0.174,37,1.167,21.31
50.509,0.856,472.676,0.056,24,1.182,37.21
72.573,1.029,542.182,0.083,41,0.866,86.54
41.648,1.214,459.049,0.148,3,0.717,25.41
39.76,0.721,587.753,0.147,39,1.116,63.28
44.709,1.28,542.179,0.161,23,0.685,57.37
40.452,1.218,774.884,0.208,3,1.03,10.39
56.999,0.981,270.458,0.006,6,0.911,28.87
20.755,1.132,481.635,0.042,34,1.244,37.63
29.195,1.05,363.725,0.138,60,0.921,71.82
28.983,1.234,590.616,0.062,3,1.221,-2.03
59.255,1.197,257.424,0.39,15,0.897,-23.6
70.659,0.84,551.947,0.161,48,1.2,63.67
43.433,1.138,405.493,0.114,49,1.412,21.04
42.468,1.019,389.876,0.079,19,0.786,55.19
46.051,1.062,283.025,0.082,14,1.058,10.46
62.428,0.941,430.239,0.122,9,1.55,-20.36
31.09,1.312,662.675,0.129,57,1.013,71.26
48.576,1.206,496.222,0.083,53,1.012,72.08
59.628,0.939,594.152,0.098,57,1.158,86.18
52.516,0.85,749.696,0.228,5,1.008,34.15
47.844,0.992,539.563,0.231,52,0.659,98.36
60.016,1.115,416.18,0.14,28,1.226,20.65
10.0,1.086,570.088,0.013,33,0.599,100.2
55.168,1.238,418.356,0.163,38,0.917,41.64
35.189,1.168,424.337,0.244,28,1.241,-4.76
17.541,1.195,272.016,0.23,5,0.929,-17.33
52.668,1.099,638.939,0.179,46,0.861,77.95
65.605,0.842,442.1,0.234,57,1.176,56.96
42.938,1.021,527.315,0.124,30,0.83,64.99
59.293,1.209,344.606,0.17,46,0.756,71.86
69.184,1.042,565.392,0.066,19,1.055,49.44
64.724,1.125,385.709,0.143,40,0.963,59.94
69.599,1.002,478.744,0.226,49,0.751,85.14
56.132,0.896,631.674,0.073,32,1.127,72.16
46.132,1.031,618.614,0.051,4,1.093,29.83
20.971,1.096,496.695,0.128,10,0.928,23.85
41.309,0.952,234.78,0.102,16,0.942,20.38
32.351,1.015,948.922,0.172,39,1.094,76.33
77.564,0.909,761.879,0.084,37,1.238,77.53
42.362,1.218,608.401,0.257,44,0.943,56.09
46.848,1.006,387.019,0.017,41,1.131,61.53
53.272,1.268,482.961,0.22,13,1.113,-3.52
45.654,1.279,418.487,0.059,17,1.176,10.52
70.426,1.038,689.578,0.0,4,1.008,61.03
35.66,0.899,539.375,0.139,39,0.818,77.74
47.919,0.737,382.375,0.1,45,0.908,82.47
33.863,0.829,429.387,0.031,34,1.069,62.8
25.2,0.844,668.178,0.0,42,1.364,63.17
35.823,1.257,740.015,0.119,15,0.903,47.83
44.444,1.067,729.25,0.198,45,1.161,52.97
38.56,1.108,613.555,0.167,19,0.934,37.29
34.614,0.717,462.106,0.125,17,1.022,42.38
23.905,0.87,50.0,0.158,35,1.303,-11.49
43.753,1.183,544.574,0.118,53,1.153,59.92
22.429,1.093,499.726,0.006,18,0.752,63.72
56.401,1.028,520.997,0.006,53,0.886,111.2
46.237,1.135,508.085,0.104,15,1.251,10.07
23.137,1.295,301.061,0.107,57,1.028,47.04
40.362,1.017,583.611,0.188,24,0.77,65.21
33.718,1.06,594.832,0.181,25,0.836,43.49
49.788,1.079,602.351,0.168,38,1.141,47.17
65.107,1.409,641.987,0.098,45,1.199,54.81
16.872,0.735,590.608,0.01,52,1.004,105.74
46.725,1.152,438.496,0.153,52,1.495,14.87
42.598,1.033,489.374,0.162,12,1.165,6.79
55.07,1.135,513.669,0.0,19,0.951,63.49
48.198,0.951,516.155,0.053,32,0.837,80.41
33.72,1.043,649.733,0.065,15,0.805,68.0
40.214,1.157,596.55,0.129,32,1.067,44.11
33.06,1.517,811.602,0.056,59,0.902,98.97
61.14,1.171,830.97,0.117,48,1.335,65.41
45.32,0.923,511.947,0.103,32,1.293,30.69
73.518,0.986,50.0,0.107,9,1.127,-14.3
44.09,0.982,685.525,0.063,12,0.764,73.59
34.374,0.781,418.944,0.069,37,0.866,76.55
22.294,1.0,379.777,0.034,4,1.251,0.39
17.953,1.16,440.233,0.15,32,0.887,40.73
21.238,0.859,433.004,0.166,21,1.224,11.18
49.007,1.207,591.84,0.058,41,1.095,61.85
52.631,1.123,266.085,0.242,39,1.01,22.11
21.282,0.94,338.342,0.095,5,0.859,32.97
58.426,1.029,551.474,0.242,27,0.981,35.98
37.754,1.29,593.442,0.069,36,1.038,58.72
47.202,1.16,596.231,0.0,57,1.207,86.04
69.183,1.051,381.945,0.152,60,0.823,86.3
58.453,1.014,353.26,0.14,24,0.947,39.1
40.972,1.061,424.005,0.123,40,1.009,52.46
31.632,0.973,535.981,0.069,16,1.133,30.01
12.723,0.734,722.822,0.117,41,0.818,96.44
34.213,1.356,192.884,0.079,56,0.737,73.47
41.833,1.073,466.891,0.096,4,1.135,2.48
30.192,1.11,300.098,0.187,34,0.696,56.11
43.031,1.041,252.164,0.135,45,1.257,21.08
46.153,0.94,645.043,0.169,55,0.969,83.26
41.627,1.022,581.694,0.101,5,0.69,56.1
35.25,0.81,567.415,0.093,43,0.904,87.99
47.53,1.392,638.154,0.028,10,1.076,39.37
51.629,0.865,428.042,0.09,28,0.893,61.71
28.644,0.895,435.104,0.0,34,1.004,69.32
66.164,0.984,827.86,0.073,13,1.148,54.04
43.521,1.243,463.014,0.113,52,0.96,69.31
45.283,1.052,610.27,0.165,3,0.813,33.69
55.623,0.865,500.957,0.099,17,0.94,48.89
48.498,1.238,222.761,0.148,6,1.283,-38.1
59.297,1.16,193.306,0.0,6,1.337,-15.14
49.307,1.131,413.152,0.115,30,0.596,75.77
35.813,1.157,658.415,0.0,12,1.218,30.89
50.423,1.409,618.244,0.023,13,1.05,40.31
27.844,1.378,637.112,0.105,52,1.185,50.56
46.628,0.947,351.943,0.222,25,0.89,25.42
44.502,1.294,742.381,0.15,49,0.646,104.53
41.878,1.107,355.266,0.121,5,1.117,-5.03
43.072,1.125,531.924,0.118,41,0.812,72.93
16.772,0.796,498.447,0.063,41,0.722,104.7
36.769,1.024,473.919,0.076,19,0.736,67.46
46.393,0.928,700.789,0.154,24,1.12,50.26
47.398,1.174,394.233,0.009,54,1.028,80.85
29.585,1.211,297.559,0.167,29,1.156,-7.98
63.986,0.739,502.999,0.089,58,1.134,96.52
32.007,1.047,440.026,0.186,18,0.916,20.67
59.542,1.218,1006.607,0.197,18,0.986,55.53
51.408,1.022,601.476,0.0,42,0.898,102.52
35.307,1.159,438.599,0.073,5,0.958,24.68
71.63,1.103,341.583,0.052,54,0.807,101.63
27.095,1.101,217.957,0.0,49,1.078,58.2
58.787,1.009,346.217,0.037,35,1.215,40.72
60.009,0.868,517.241,0.315,44,0.837,58.63
34.941,0.882,714.099,0.169,4,1.256,8.36
65.887,1.156,668.253,0.273,41,1.023,46.91
41.249,1.053,534.364,0.186,48,1.048,58.33
49.33,1.029,451.525,0.061,50,0.66,113.79
48.905,0.986,540.322,0.089,29,0.639,94.45
42.985,1.004,422.204,0.167,17,1.029,9.7
57.162,1.207,757.755,0.155,9,1.158,20.59
56.902,1.0,471.621,0.074,47,0.866,90.56
18.772,0.849,487.049,0.0,59,1.334,71.78
64.565,1.162,167.627,0.383,44,1.147,-19.77
20.063,1.019,470.685,0.109,11,0.818,33.17
60.488,1.055,625.473,0.094,43,1.006,82.02
61.901,1.291,339.842,0.129,8,1.495,-42.63
28.636,1.047,387.392,0.101,58,0.751,96.11
38.838,1.093,618.907,0.13,59,1.106,73.55
28.414,0.873,278.501,0.223,14,0.935,10.14
41.776,1.017,658.67,0.11,32,1.141,55.33
40.379,1.141,420.178,0.027,57,1.253,61.68
56.695,0.817,441.715,0.107,22,0.923,55.88
64.655,1.08,331.418,0.083,22,1.224,18.94
65.935,1.065,556.707,0.234,56,1.444,28.9
36.567,1.056,868.981,0.214,48,1.013,78.47
41.862,1.206,617.225,0.129,29,1.157,36.65
19.748,1.1,370.357,0.018,22,0.882,53.71
32.912,1.272,670.343,0.022,9,1.004,36.51
59.473,0.901,452.498,0.121,42,0.965,67.84
69.234,1.07,706.173,0.147,42,1.159,61.35
26.485,1.063,621.001,0.09,32,1.241,31.99
36.113,0.89,58.529,0.082,10,0.978,4.57
44.604,1.193,349.388,0.073,4,1.307,-17.05
49.202,1.399,641.658,0.118,16,1.306,2.01
32.856,1.047,522.749,0.0,12,1.169,28.91
51.361,1.126,346.437,0.032,52,0.897,88.77
37.892,1.063,404.962,0.07,20,0.878,47.48
44.783,0.943,214.065,0.217,20,0.838,19.79
53.194,0.777,486.744,0.055,18,1.19,44.17
45.096,0.944,831.603,0.134,54,0.758,124.83
38.454,0.841,620.74,0.138,7,1.135,29.66
43.356,1.306,828.563,0.224,54,0.784,91.01
43.675,1.033,632.36,0.221,33,1.165,37.21
39.45,0.998,654.122,0.115,39,1.003,68.18
41.118,1.183,796.112,0.082,22,1.267,38.62
68.98,0.882,556.589,0.067,25,1.228,45.53
53.414,0.935,471.916,0.101,34,1.287,38.37
40.568,1.06,654.899,0.085,44,1.292,51.81
55.454,1.204,718.076,0.164,19,1.029,39.74
39.993,1.125,428.005,0.154,15,0.768,34.95
62.597,1.087,391.765,0.167,51,0.789,82.44
50.545,1.062,520.828,0.221,52,0.583,95.64
43.39,1.11,624.725,0.269,15,0.783,38.94
51.716,1.08,619.714,0.13,19,1.014,38.92
21.437,0.896,286.375,0.208,17,0.888,8.59
28.098,1.057,786.741,0.092,28,0.964,74.33
27.091,0.889,403.825,0.215,46,1.099,34.48
47.144,1.062,460.24,0.205,30,0.939,37.03
70.988,0.978,364.602,0.201,44,0.776,70.11
78.47,1.431,904.749,0.128,47,0.989,86.76
54.571,1.044,536.311,0.067,32,0.82,81.33
52.513,0.839,372.354,0.008,45,0.946,94.56
17.984,1.03,629.589,0.117,37,1.269,39.21
36.86,1.128,615.37,0.243,24,0.946,30.34
33.183,1.301,471.841,0.095,12,1.354,-12.2
35.687,0.962,626.091,0.183,13,1.286,-0.98
42.478,0.813,376.206,0.188,40,0.884,57.84
37.919,1.173,426.062,0.097,35,0.778,67.47
15.311,0.843,198.468,0.225,8,0.989,-15.69
56.219,0.985,301.407,0.0,39,1.231,47.13
28.909,1.011,771.145,0.022,9,0.902,63.22
48.589,1.04,746.214,0.047,56,1.182,86.19
76.111,1.153,509.868,0.054,46,1.242,62.97
31.209,0.947,749.44,0.147,14,0.845,60.1
10.0,1.009,475.989,0.143,9,0.865,26.88
40.71,1.048,463.488,0.152,4,1.143,-5.21
61.514,1.072,508.477,0.168,3,1.03,8.27
74.375,1.065,481.262,0.044,25,0.863,73.6
26.557,1.115,467.721,0.023,27,0.93,60.68
52.45,1.177,671.51,0.152,20,0.986,41.83
38.02,1.109,522.52,0.07,46,0.687,104.27
43.411,1.118,606.872,0.0,9,1.153,31.48
84.665,0.813,654.707,0.198,53,0.904,101.76
22.455,1.058,558.228,0.232,56,0.5,103.78
48.806,1.122,354.459,0.245,5,0.995,-9.12
52.015,1.159,297.07,0.135,31,0.852,43.63
61.287,0.946,522.317,0.17,12,1.338,4.55
46.47,0.951,474.312,0.23,45,0.883,55.95
49.621,0.964,513.109,0.069,7,0.78,56.92
39.125,1.13,497.592,0.209,36,1.102,26.83
49.037,1.205,887.536,0.142,10,0.868,60.1
39.852,0.989,300.466,0.193,16,0.844,17.93
54.324,1.186,201.508,0.135,42,1.102,30.68
39.456,1.069,549.857,0.224,57,0.792,82.96
50.657,1.031,443.537,0.138,8,0.709,41.23
44.561,1.018,547.41,0.001,3,1.345,10.06
61.891,1.162,587.582,0.236,58,1.116,55.99
44.229,1.099,692.616,0.044,35,0.947,93.73
18.405,1.391,273.916,0.22,42,0.999,11.65
63.929,0.922,416.492,0.113,13,1.101,24.78
31.414,1.128,564.314,0.214,52,1.195,37.87
35.194,0.971,615.57,0.211,26,0.849,55.36
36.065,0.92,829.017,0.154,12,1.073,46.6
65.617,1.048,643.356,0.161,46,0.899,75.37
12.965,1.071,491.482,0.154,54,0.962,66.29
92.066,1.488,366.435,0.0,25,1.032,44.21
60.841,1.022,415.357,0.129,18,0.999,27.57
48.349,0.88,411.095,0.031,39,1.147,64.14
44.177,1.091,598.285,0.134,18,1.097,36.78
49.283,0.739,538.55,0.029,58,0.698,142.11
52.817,1.036,301.453,0.025,46,0.728,99.18
54.678,1.052,434.615,0.248,33,0.926,41.31
53.334,1.169,631.632,0.206,8,1.366,-20.5
46.344,1.196,552.749,0.12,32,0.83,58.32
42.04,0.974,585.297,0.135,39,0.958,71.19
42.731,1.027,557.438,0.1,3,0.893,34.43
42.076,0.935,743.965,0.166,53,0.889,94.9
62.007,0.881,535.406,0.066,44,1.036,83.82
53.903,1.096,442.097,0.199,27,1.28,4.71
10.0,0.859,362.637,0.1,48,1.091,51.82
54.839,0.988,537.441,0.086,59,0.839,107.36
47.921,0.901,133.894,0.122,23,1.551,-32.27
44.719,1.132,472.357,0.073,37,1.016,57.26
39.172,1.32,469.124,0.146,40,0.885,44.68
61.862,0.855,295.329,0.077,7,1.282,-0.44
59.213,0.772,360.76,0.157,51,0.906,74.87
33.407,1.031,621.449,0.217,52,1.333,36.09
51.106,1.052,534.607,0.062,14,0.826,54.4
30.425,1.083,515.268,0.11,7,1.286,-3.12
24.306,0.983,545.952,0.157,11,1.04,16.16
35.599,1.02,513.894,0.085,46,1.258,46.74
57.936,1.105,686.429,0.157,54,1.38,51.0
59.297,1.206,518.514,0.164,11,0.773,36.03
52.696,0.757,281.268,0.207,37,1.255,16.93
55.876,0.995,744.519,0.072,3,0.718,72.31
52.743,1.082,555.551,0.045,56,0.791,112.96
35.378,0.912,411.612,0.095,49,0.839,87.12
51.479,1.31,311.99,0.043,12,1.101,4.26
57.006,0.955,559.387,0.165,48,1.007,68.01
56.314,1.044,482.424,0.027,41,0.967,82.28
62.834,1.133,736.122,0.307,38,1.029,42.87
55.625,0.961,448.114,0.224,60,1.118,57.81
50.272,0.773,374.393,0.121,39,1.134,50.55
61.052,0.986,634.369,0.189,54,1.219,61.43
44.602,1.204,638.792,0.0,50,1.364,63.96
31.772,0.999,525.298,0.322,37,0.996,24.21
42.554,0.923,601.454,0.073,19,0.896,58.33
33.826,1.189,494.347,0.11,15,1.123,6.45
34.872,1.0,535.08,0.0,8,0.771,73.0
42.832,0.973,674.749,0.159,60,0.864,104.66
33.114,1.072,593.798,0.031,39,1.2,61.49
40.381,1.166,474.609,0.128,50,0.975,63.36
16.596,1.407,702.854,0.076,34,0.758,75.85
48.199,1.174,145.272,0.034,13,0.702,38.22
45.018,1.224,807.811,0.056,19,1.01,70.25
32.744,0.974,244.106,0.138,7,1.228,-20.45
54.889,0.896,405.936,0.017,8,1.226,19.3
59.064,1.059,493.862,0.06,12,1.022,32.76
20.887,1.066,478.028,0.173,55,1.402,29.61
33.559,0.888,650.962,0.328,35,0.979,35.99
33.463,1.024,341.325,0.158,32,0.972,35.74
30.901,1.11,539.115,0.047,23,0.5,98.48
57.442,1.104,413.268,0.091,44,0.911,70.44
42.093,1.126,544.271,0.123,19,1.17,21.49
41.032,1.094,490.284,0.092,29,1.313,17.41
14.942,0.974,513.94,0.192,5,0.834,15.95
54.531,0.973,417.511,0.137,31,1.092,41.76
26.411,0.87,423.49,0.193,4,1.209,-16.64
45.899,1.318,543.091,0.095,31,1.002,47.98
49.161,1.052,641.557,0.226,51,0.543,110.21
65.41,1.016,410.258,0.107,38,1.049,57.44
25.368,0.911,369.685,0.042,36,1.152,39.53
10.0,1.49,592.019,0.294,39,0.811,25.27
47.758,0.889,495.124,0.0,44,0.949,94.87
72.008,0.986,624.575,0.061,3,0.769,64.63
63.584,1.112,364.13,0.07,28,0.5,94.17
48.145,1.14,233.084,0.321,3,1.205,-53.56
37.625,1.194,420.049,0.265,60,0.999,49.86
57.107,1.321,385.047,0.24,6,1.32,-46.2
30.397,1.126,488.182,0.094,41,1.171,42.87
52.145,0.892,404.473,0.314,16,0.929,9.37
52.582,1.011,611.153,0.149,48,0.983,79.96
60.903,1.096,456.777,0.198,20,1.113,9.55
86.395,1.36,522.571,0.134,36,1.193,41.48
50.886,0.84,523.645,0.116,3,1.065,27.18
37.366,1.23,529.243,0.1,55,1.221,56.33
44.616,1.077,496.381,0.103,24,0.941,52.57
18.464,1.176,576.59,0.169,18,0.801,40.51
34.579,1.035,380.652,0.149,24,0.987,23.27
38.861,0.924,709.913,0.117,52,1.041,89.23
37.139,1.163,464.519,0.241,18,0.76,21.66
47.285,1.148,303.268,0.0,30,0.733,76.26
32.664,1.196,528.211,0.161,30,1.089,25.84
61.815,1.048,372.323,0.177,57,0.919,72.17
45.003,0.96,599.8,0.212,24,0.967,44.71
44.86,0.816,831.441,0.115,58,0.928,120.84
40.082,1.173,382.014,0.137,8,1.304,-23.69
47.328,1.114,549.856,0.199,27,1.252,10.49
57.376,0.905,236.674,0.239,44,0.753,50.41
31.993,0.969,568.086,0.096,4,0.893,36.54
35.128,0.98,367.143,0.141,9,1.17,-13.25
40.444,0.828,406.275,0.254,55,1.12,42.56
24.812,0.927,334.807,0.0,19,0.992,46.77
32.711,0.88,609.823,0.065,37,0.772,100.16
37.857,0.988,651.096,0.237,22,0.863,42.42
58.116,0.939,503.508,0.207,46,0.897,70.2
48.938,0.806,370.336,0.162,4,1.055,3.96
47.904,1.353,738.428,0.084,9,1.341,5.26
57.763,1.238,387.438,0.049,34,0.863,74.94
42.939,0.933,175.695,0.073,51,0.795,85.53
50.857,1.091,568.758,0.244,21,0.978,24.79
43.452,1.113,334.284,0.07,14,1.206,4.51
48.98,1.229,648.291,0.128,11,0.711,53.47
36.259,0.927,442.829,0.06,29,1.291,26.02
10.0,1.214,590.557,0.187,16,0.966,16.72
42.986,0.968,710.225,0.077,4,0.853,56.07
66.341,0.85,318.671,0.112,23,0.68,74.44
58.893,1.159,415.109,0.0,6,1.141,26.1
59.481,1.244,488.649,0.0,53,0.966,94.11
63.542,1.438,730.633,0.121,23,1.034,43.91
46.33,0.87,401.243,0.014,50,0.82,99.93
47.96,1.155,410.824,0.288,24,0.936,12.01
35.735,0.989,571.721,0.0,51,0.903,102.86
40.259,1.168,413.416,0.056,4,0.98,17.07
54.237,0.829,522.879,0.121,19,0.866,64.45
63.058,0.861,267.269,0.091,21,0.693,69.7
42.908,0.934,832.149,0.032,42,1.546,53.97
38.247,1.062,297.844,0.043,26,0.727,62.93
45.008,0.954,451.737,0.041,22,1.036,46.86
54.018,1.149,495.128,0.097,40,0.646,90.17
23.342,1.204,786.903,0.276,14,0.601,48.48
10.557,1.14,301.273,0.126,27,1.02,8.96
36.742,1.293,797.556,0.215,25,1.035,36.49
26.689,1.112,613.577,0.161,52,1.252,46.3
37.378,0.867,562.564,0.209,36,1.08,45.29
42.783,1.255,352.305,0.0,34,0.97,52.38
38.201,0.959,585.671,0.096,53,0.81,100.54
66.787,1.187,391.477,0.225,26,1.3,-9.1
49.901,1.286,689.999,0.074,44,1.186,61.22
49.507,1.119,354.341,0.261,27,0.751,31.48
54.333,0.826,483.026,0.239,5,1.008,8.48
27.918,0.912,416.709,0.082,27,1.029,49.5
60.587,1.248,351.872,0.08,30,0.931,47.82
43.864,1.025,611.198,0.039,14,1.154,45.29
55.057,1.062,580.319,0.07,28,1.166,51.75
28.922,1.164,681.352,0.021,50,0.962,102.13
21.694,1.154,233.019,0.154,46,0.944,32.22
57.268,1.092,659.626,0.004,10,1.3,32.63
50.646,1.019,875.817,0.168,7,1.187,26.31
31.469,1.003,432.254,0.17,13,1.014,6.81
31.955,1.179,784.272,0.0,44,0.674,132.49
61.882,1.133,460.526,0.244,37,1.069,26.58
27.159,1.011,294.139,0.161,29,1.14,5.34
69.64,1.212,454.155,0.18,57,0.5,110.55
31.491,1.031,657.231,0.059,43,1.05,75.17
54.576,0.922,374.274,0.17,46,0.917,61.97
40.071,0.936,409.949,0.21,40,0.956,44.84
54.048,0.903,589.031,0.112,21,0.819,77.2
36.838,1.009,500.459,0.28,50,0.97,44.87
42.558,1.235,587.693,0.124,55,1.278,55.11
45.614,0.929,535.674,0.211,57,0.911,83.27
29.967,1.078,571.944,0.143,58,1.193,60.72
56.112,0.951,435.155,0.167,34,0.839,64.74
37.302,1.011,534.76,0.0,48,1.152,77.24
41.571,0.823,360.894,0.15,30,1.0,45.82
30.085,1.017,693.265,0.061,38,1.07,74.94
10.0,1.021,404.859,0.052,20,1.001,27.24
42.135,1.131,669.327,0.26,12,1.128,2.49
81.189,1.083,464.959,0.103,34,0.5,110.16
56.769,0.87,530.3,0.04,20,0.716,88.06
44.711,1.213,425.755,0.091,14,1.083,15.41
41.057,1.082,347.601,0.016,53,0.591,113.9
45.337,1.08,238.286,0.235,10,0.894,-9.45
53.207,1.049,341.701,0.064,35,0.989,49.33
27.288,0.972,451.414,0.162,48,0.834,66.97
61.715,1.083,531.782,0.228,57,0.862,82.0
55.731,1.121,651.557,0.08,40,1.054,64.18
55.773,0.788,433.136,0.163,16,1.202,12.67
51.577,0.969,367.706,0.038,4,0.808,42.28
45.294,1.012,283.593,0.316,11,0.885,-10.93
55.093,1.088,572.01,0.195,46,0.854,67.84
53.877,1.229,707.479,0.105,7,0.516,81.25
39.689,0.934,689.95,0.058,36,1.028,76.19
36.396,0.975,606.49,0.111,21,1.187,35.13
46.528,0.973,595.781,0.093,9,1.203,18.64
68.235,0.93,754.644,0.276,41,0.826,80.97
26.413,0.998,549.812,0.022,44,0.75,104.87
22.987,1.166,596.919,0.131,19,1.004,31.34
47.471,0.892,451.882,0.119,28,1.166,34.56
45.763,1.114,295.693,0.111,48,1.031,48.48
47.6,0.795,397.423,0.111,29,1.058,47.94
48.659,0.966,498.626,0.111,45,1.228,52.01
41.652,1.001,509.118,0.19,30,0.852,49.61
67.348,1.301,788.943,0.169,22,0.956,54.06
20.986,1.009,512.192,0.154,8,1.327,-12.11
32.573,0.72,676.827,0.0,10,0.961,74.91
43.451,0.75,434.738,0.144,34,0.747,82.5
20.352,1.055,453.249,0.0,21,0.866,60.85
42.362,1.142,300.649,0.172,34,0.812,39.06
69.922,1.106,388.651,0.238,21,1.071,4.99
45.313,1.075,579.047,0.046,26,0.821,78.78
48.461,1.224,501.134,0.099,26,1.054,39.59
26.098,0.969,641.441,0.072,58,0.853,120.87
35.755,1.184,527.188,0.219,19,0.575,56.24
39.372,0.805,447.132,0.128,58,1.061,74.03
40.234,0.914,822.245,0.258,58,1.03,80.75
64.225,0.779,485.914,0.153,20,1.104,44.8
53.365,1.009,674.45,0.139,14,0.865,55.59
28.328,1.043,439.819,0.125,43,0.844,68.51
48.698,1.067,606.44,0.185,25,1.08,29.46
52.473,1.059,639.202,0.0,58,1.304,89.99
62.102,0.911,531.274,0.127,50,1.002,84.25
68.708,1.021,146.828,0.114,20,1.085,8.19
29.774,0.825,502.738,0.178,18,0.936,32.84
32.837,1.254,684.569,0.105,18,0.691,69.18
26.136,1.004,579.122,0.037,38,1.193,56.66
41.49,0.977,566.876,0.121,25,1.182,35.74
51.995,1.288,241.661,0.033,24,1.142,17.55
59.81,0.864,391.932,0.0,41,0.964,86.64
43.861,0.881,561.704,0.178,35,1.119,42.88
40.202,0.886,561.557,0.166,26,1.179,29.18
47.276,1.04,682.2,0.157,57,1.324,56.19
32.473,1.115,478.27,0.224,22,1.198,-4.24
76.343,1.161,560.874,0.067,35,1.013,70.07
20.885,1.436,502.456,0.006,33,0.738,70.09
47.771,0.713,351.959,0.114,42,1.031,65.81
75.354,1.141,161.631,0.092,60,1.051,60.29
45.102,0.966,564.651,0.053,57,1.142,82.81
42.149,0.962,526.092,0.114,10,1.271,5.04
39.638,0.957,407.274,0.071,12,0.981,33.91
42.294,0.914,257.124,0.0,3,1.42,-14.55
65.593,1.303,594.461,0.085,23,0.648,82.37
11.822,1.176,460.112,0.029,27,1.084,38.76
68.002,1.053,583.531,0.139,34,0.84,81.36
23.641,1.253,779.607,0.068,55,0.619,129.16
41.0,0.823,178.785,0.209,48,0.96,38.29
38.561,0.85,395.06,0.248,48,0.709,72.31
53.828,0.723,468.594,0.174,12,0.968,31.45
21.028,0.945,718.224,0.0,53,1.007,114.49
51.933,1.074,254.54,0.24,59,1.224,30.49
75.365,1.065,790.379,0.246,50,0.698,109.77
24.552,1.072,520.378,0.122,11,1.182,7.84
47.846,0.838,485.6,0.226,22,1.02,28.96
35.07,1.17,470.291,0.076,50,1.206,51.3
51.388,1.086,434.561,0.0,22,0.914,56.79
45.287,1.16,657.218,0.059,42,0.734,104.06
35.378,0.766,339.722,0.258,9,0.757,17.72
52.318,1.097,551.812,0.001,13,0.742,77.35
72.065,0.872,442.373,0.12,23,1.096,41.27
42.136,0.99,385.68,0.123,40,1.295,32.12
55.796,1.13,887.896,0.079,49,0.887,119.43
25.601,1.064,562.858,0.085,21,1.126,32.41
30.653,0.922,591.99,0.126,48,0.695,103.69
52.086,1.051,670.667,0.075,17,1.036,58.17
67.262,0.82,286.798,0.006,8,1.134,28.72
50.334,1.223,762.844,0.137,58,0.71,119.83
40.304,1.019,123.656,0.206,12,0.959,-10.83
44.989,1.218,384.685,0.19,48,1.143,27.4
26.244,0.971,431.145,0.055,18,0.5,84.84
54.068,0.971,587.259,0.02,47,1.267,65.18
58.235,0.935,532.808,0.097,13,1.071,31.35
38.219,1.181,474.978,0.245,59,1.143,40.08
37.949,0.944,498.2,0.172,37,0.917,63.33
48.988,1.147,353.297,0.176,10,0.655,35.31
38.449,0.993,275.415,0.191,30,1.107,7.99
44.008,0.754,608.977,0.154,5,0.983,30.56
76.496,0.964,604.056,0.13,4,1.006,38.64
41.295,0.873,737.674,0.173,55,1.218,70.35
39.625,1.055,381.497,0.076,16,1.152,17.39
35.287,0.871,603.922,0.007,54,1.384,73.24
56.163,1.189,457.444,0.178,31,1.031,32.85
42.282,1.036,678.571,0.219,55,0.862,86.86
35.259,1.023,653.294,0.031,56,0.962,108.0
64.82,1.148,531.681,0.186,49,1.083,54.8
66.294,1.195,449.07,0.254,5,1.203,-27.6
35.994,1.047,644.14,0.12,3,0.707,49.72
17.002,0.934,597.036,0.055,17,1.002,40.49
60.113,0.784,397.334,0.13,22,1.322,14.26
34.731,0.947,300.83,0.076,24,0.952,45.12
56.859,0.957,456.72,0.071,36,1.186,52.46
15.448,1.066,727.312,0.155,52,1.099,68.32
58.389,0.998,671.973,0.0,35,1.191,72.44
26.832,1.153,333.151,0.004,11,0.838,42.86
55.961,0.958,324.836,0.122,5,0.839,27.25
45.214,1.041,691.203,0.118,4,1.004,38.88
30.691,1.228,329.655,0.147,6,0.694,17.45
38.894,1.101,576.394,0.27,18,0.946,14.23
55.295,1.041,407.589,0.128,56,1.051,65.39
46.588,0.96,742.557,0.168,35,1.357,30.41
53.766,0.955,384.436,0.042,11,1.081,26.26
74.647,0.922,671.504,0.181,59,1.125,86.25
21.536,0.969,527.729,0.078,42,1.233,44.47
69.258,1.163,537.829,0.126,40,0.807,67.81
46.565,1.017,204.454,0.111,54,0.967,63.81
31.518,0.848,169.563,0.203,20,1.485,-47.61
25.045,1.315,466.915,0.015,18,0.984,37.21
42.163,1.098,537.036,0.0,10,1.223,25.04
58.825,0.839,331.22,0.103,25,1.193,34.59
43.087,0.984,336.696,0.157,38,0.704,72.18
67.667,1.067,584.221,0.132,5,1.062,21.81
23.232,1.306,584.428,0.219,17,1.029,2.27
44.819,0.884,479.339,0.155,40,1.066,58.42
26.214,1.196,617.03,0.075,35,0.849,68.41
50.454,1.26,323.87,0.0,20,0.777,57.77
58.303,0.956,446.61,0.101,25,0.905,57.42
38.689,1.008,747.182,0.202,45,0.98,71.36
10.0,0.895,510.248,0.089,5,1.237,2.21
47.984,1.019,518.947,0.122,32,1.363,21.05
51.551,1.045,845.892,0.154,47,1.279,66.11
51.064,1.149,290.099,0.039,19,1.172,15.65
63.537,1.214,619.465,0.17,52,0.799,92.57
28.934,0.938,749.598,0.251,60,0.918,88.18
55.203,0.755,451.271,0.106,60,1.042,89.97
62.888,1.047,628.945,0.03,34,0.874,94.08
18.321,1.094,352.697,0.115,48,1.115,37.03
49.795,1.087,396.99,0.0,59,1.144,77.63
37.437,1.001,557.745,0.147,9,1.107,13.17
43.777,1.069,619.785,0.156,41,1.205,43.7
50.215,1.277,668.14,0.254,16,0.819,31.76
37.692,1.107,735.444,0.104,60,1.187,85.0
34.864,0.994,489.883,0.153,58,0.861,85.06
45.512,0.975,679.042,0.051,17,0.812,79.64
28.691,1.025,448.654,0.091,46,1.106,55.17
28.713,1.296,635.314,0.0,14,1.243,21.41
55.191,1.023,531.123,0.104,10,1.098,25.45
27.768,1.047,566.852,0.096,18,1.004,42.46
54.995,0.978,563.526,0.144,43,1.062,64.62
51.939,1.215,259.294,0.07,36,1.027,38.94
19.113,1.344,331.382,0.127,48,0.775,54.9
34.837,1.118,515.381,0.093,26,0.751,73.95
62.912,1.062,246.908,0.093,58,0.984,69.41
30.283,1.056,624.682,0.126,31,1.016,46.59
38.034,0.692,630.733,0.123,18,1.002,59.53
51.931,1.162,549.076,0.181,7,1.135,0.02
56.751,1.07,331.83,0.11,7,0.957,16.2
41.227,1.114,707.021,0.092,54,1.113,80.31
36.037,0.943,805.582,0.106,32,0.971,87.28
66.336,0.992,522.062,0.063,55,1.365,63.74
71.083,0.988,576.58,0.091,52,1.016,94.02
59.683,1.203,530.261,0.282,52,1.468,4.12
46.28,0.993,579.555,0.047,7,1.07,37.27
32.876,1.362,482.066,0.098,45,0.957,61.03
32.543,1.115,494.815,0.089,15,0.82,45.83
52.838,0.859,635.858,0.1,37,0.711,101.36
51.276,1.031,851.844,0.094,51,0.802,127.04
66.024,0.952,289.989,0.142,27,0.824,52.97
54.757,0.721,484.428,0.0,52,1.079,101.41
22.454,1.29,322.931,0.203,16,0.895,1.02
60.779,1.155,738.804,0.171,46,1.037,71.45
30.029,1.13,411.839,0.021,48,1.256,48.22
39.24,1.075,283.52,0.0,28,0.982,48.46
48.753,0.843,595.728,0.042,20,1.416,26.03
74.935,0.977,761.647,0.101,22,0.765,98.68
91.649,1.176,599.54,0.326,36,0.97,33.5
54.101,0.892,530.72,0.163,9,0.892,46.51
42.252,0.67,561.371,0.0,49,1.187,95.29
53.018,1.016,712.226,0.065,12,0.552,91.43
58.315,1.029,368.87,0.116,17,0.711,54.51
40.19,1.07,483.223,0.14,19,0.979,30.52
71.928,1.159,432.096,0.015,13,1.31,16.61
48.451,1.146,324.82,0.109,36,1.045,33.37
52.466,1.089,450.744,0.063,29,0.73,78.43
54.989,1.229,666.158,0.032,23,0.761,84.47
51.324,0.822,584.99,0.141,33,1.335,32.2
57.584,1.126,596.647,0.182,52,0.876,79.25
35.741,1.144,521.971,0.187,59,0.811,86.7
36.625,0.864,578.499,0.166,6,1.295,-8.62
28.498,0.825,379.911,0.08,43,1.202,48.84
51.593,0.938,453.574,0.177,51,1.255,45.13
56.684,0.951,528.801,0.145,19,0.81,57.65
51.867,1.163,541.627,0.131,51,0.695,99.38
70.117,0.958,548.028,0.071,50,1.027,94.99
44.916,0.922,479.25,0.08,22,1.067,40.86
55.031,0.958,443.386,0.126,27,1.073,37.25
28.624,1.218,973.666,0.315,42,1.296,25.39
39.194,1.052,636.018,0.144,25,0.653,83.45
55.433,1.023,561.972,0.071,17,1.172,38.78
57.737,1.033,465.019,0.053,35,0.781,81.99
40.59,1.244,432.317,0.081,21,1.171,18.23
43.926,0.938,480.38,0.294,59,0.905,67.28
22.232,1.247,543.924,0.088,17,0.837,48.7
39.645,1.082,217.935,0.193,43,0.878,39.95
58.356,1.026,264.592,0.09,7,0.711,40.26
53.628,1.425,404.468,0.141,18,1.008,14.31
52.51,0.892,531.071,0.183,47,0.845,84.95
45.747,0.997,464.109,0.074,50,1.157,72.06
45.106,0.865,721.718,0.069,34,1.128,77.25
35.095,1.193,277.64,0.253,24,1.338,-36.25
55.482,1.303,387.298,0.199,45,1.073,25.71
51.315,1.3,728.014,0.183,34,1.104,39.62
52.38,1.234,519.668,0.183,15,1.28,-14.14
37.109,1.02,632.726,0.157,40,0.874,73.8
12.7,0.995,807.687,0.281,28,0.702,67.14
61.457,0.799,395.929,0.124,54,1.04,78.26
37.817,1.355,485.103,0.166,19,0.715,42.7
32.058,1.12,459.136,0.004,7,1.491,-12.1
55.402,0.976,206.811,0.054,51,1.291,38.9
39.12,1.249,453.44,0.024,35,1.433,17.38
60.899,0.904,632.159,0.222,29,1.012,50.92
54.255,1.111,581.088,0.0,7,1.11,38.33
55.254,1.024,592.862,0.088,39,0.908,83.81
24.511,1.146,443.674,0.0,9,1.177,11.77
63.179,1.04,401.585,0.053,50,0.757,101.15
48.919,0.832,690.388,0.081,20,0.5,121.64
39.461,1.061,425.402,0.231,33,0.842,44.85
47.151,1.207,544.112,0.152,8,0.709,37.08
18.356,1.046,524.5,0.053,4,1.296,-10.8
51.13,1.166,719.258,0.205,15,1.363,-2.71
29.559,0.893,645.712,0.121,44,0.719,106.71
24.71,1.046,305.711,0.123,55,1.258,31.3
22.165,0.956,321.867,0.024,54,1.19,62.45
61.69,1.162,586.836,0.041,13,0.686,77.54
35.561,1.055,490.349,0.054,28,0.922,60.34
68.006,1.154,431.724,0.124,23,0.884,49.73
36.963,1.213,652.344,0.126,4,1.15,4.67
19.39,1.154,528.119,0.244,42,0.754,54.57
28.252,1.091,507.869,0.151,58,0.98,74.21
63.537,0.9,616.974,0.0,56,0.863,130.43
42.662,1.05,443.734,0.141,53,1.095,64.44
36.776,0.97,735.278,0.004,22,0.957,83.7
47.4,0.998,381.793,0.043,19,0.893,54.5
52.527,0.994,598.539,0.055,18,0.957,60.89
61.761,0.903,715.075,0.067,59,1.407,82.55
66.727,0.756,293.406,0.01,44,0.917,91.33
39.603,0.95,448.5,0.136,7,0.792,38.34
25.109,1.079,671.331,0.007,16,1.117,43.66
38.798,0.848,673.587,0.149,26,0.971,64.99
48.904,1.052,474.276,0.299,53,0.717,71.27
30.544,1.335,389.799,0.014,6,1.446,-19.32
30.643,1.203,643.39,0.097,54,0.93,95.49
50.157,1.297,677.532,0.0,50,0.924,105.68
44.27,1.109,325.3,0.096,26,1.032,29.4
45.492,1.225,319.413,0.171,49,1.346,6.02
33.623,0.941,533.789,0.178,11,0.664,55.17
41.544,0.953,594.404,0.126,5,1.055,24.55
31.137,0.639,455.14,0.191,57,1.417,40.76
58.353,1.228,601.894,0.324,11,1.026,0.37
60.529,1.281,393.48,0.257,20,0.753,20.8
17.307,0.967,182.796,0.078,38,0.876,45.1
31.057,1.012,436.415,0.004,21,1.041,45.88
22.552,0.937,509.485,0.088,26,1.266,26.95
35.25,1.107,458.624,0.044,6,0.932,33.76
43.748,1.219,326.21,0.156,11,1.165,-17.94
23.255,0.789,227.653,0.026,35,0.713,83.34
31.172,1.111,422.887,0.114,3,0.711,29.03
29.941,1.008,634.648,0.187,54,0.903,78.81
48.109,1.067,688.43,0.112,53,1.288,63.5
46.04,1.119,678.157,0.044,37,1.014,76.74
34.174,1.022,377.614,0.214,12,1.058,-0.94
47.652,1.034,326.944,0.0,14,1.056,34.15
36.8,1.018,574.495,0.094,20,1.222,31.75
40.925,1.196,595.265,0.117,16,0.878,43.45
70.102,1.113,560.025,0.121,12,1.138,22.95
65.107,1.083,197.891,0.134,12,0.834,26.18
25.506,0.859,369.967,0.169,20,1.397,-15.21
57.446,0.993,495.547,0.117,26,0.84,69.55
57.171,1.185,573.083,0.091,3,0.824,43.58
27.776,1.056,615.096,0.087,32,1.11,41.77
57.282,1.149,521.638,0.071,17,1.016,45.11
68.069,1.315,549.618,0.183,10,1.065,11.22
28.162,1.206,512.73,0.068,60,1.045,80.95
31.237,1.064,602.843,0.188,37,0.782,62.21
60.265,0.973,546.93,0.122,20,1.323,15.14
49.072,0.667,509.861,0.078,43,1.179,69.09
53.272,1.025,459.745,0.169,18,1.272,-1.36
50.109,1.001,512.194,0.062,23,0.894,70.14
50.86,1.109,572.689,0.171,17,1.083,21.96
25.103,1.027,540.121,0.137,7,1.039,14.27
60.71,1.002,557.124,0.072,47,1.226,67.34
62.544,0.783,701.408,0.162,56,1.232,82.46
41.559,0.909,539.775,0.164,54,1.039,61.24
44.348,1.121,402.65,0.213,9,0.696,24.32
22.033,1.307,632.541,0.197,50,1.356,14.43
52.714,1.035,295.07,0.159,9,1.111,-3.77
53.581,1.099,337.788,0.03,29,0.878,60.52
44.067,1.193,550.377,0.316,27,1.081,2.82
61.865,0.928,577.46,0.008,24,0.698,95.88
39.989,1.105,313.242,0.196,50,1.211,20.67
53.469,0.939,442.577,0.155,15,0.706,58.82
29.705,1.18,409.087,0.026,19,0.956,44.32
44.647,1.073,426.999,0.11,43,1.049,56.51
42.385,1.095,641.54,0.114,46,1.208,52.09
48.38,0.933,605.976,0.224,15,1.021,30.04
39.457,1.156,497.132,0.063,28,1.127,40.47
43.028,1.363,418.106,0.099,11,0.994,10.9
57.391,0.899,297.553,0.0,7,0.994,29.53
38.449,0.999,713.028,0.259,41,1.017,56.17
20.901,1.085,588.817,0.034,35,0.962,68.88
71.244,1.168,394.0,0.146,6,0.663,42.95
65.722,0.966,607.94,0.112,30,0.846,81.13
25.616,0.625,489.466,0.112,28,1.049,59.73
55.346,1.254,456.934,0.185,6,0.95,5.47
37.455,1.164,565.282,0.254,18,0.969,13.57
48.952,0.789,388.775,0.14,39,0.935,70.22
49.413,0.959,448.437,0.172,24,0.827,47.54
41.484,1.285,518.219,0.146,38,0.901,56.23
33.244,1.267,425.082,0.201,40,0.939,33.93
34.642,1.191,600.363,0.083,60,1.001,84.56
31.257,1.024,780.36,0.206,57,1.079,76.46
32.523,1.062,386.855,0.209,37,0.964,35.21
43.992,1.03,250.231,0.207,27,0.794,36.07
34.264,1.219,199.739,0.067,10,0.72,33.04
55.231,0.919,477.43,0.107,19,1.519,-4.65
67.309,0.929,400.525,0.139,20,0.774,54.43
36.299,1.202,531.179,0.01,52,0.896,94.35
48.591,1.043,519.89,0.248,60,1.103,50.73
52.495,1.257,259.517,0.119,59,1.072,49.97
52.08,0.949,227.767,0.143,14,1.104,0.93
46.139,1.042,544.39,0.074,59,0.911,104.08
56.14,0.912,520.314,0.014,59,1.048,97.2
52.234,1.051,436.127,0.072,35,1.012,55.51
26.435,0.828,251.428,0.138,25,0.938,28.37
58.037,0.977,570.709,0.174,14,1.049,32.42
58.309,0.835,690.785,0.133,13,1.211,29.94
33.551,1.154,541.697,0.148,15,0.996,23.68
45.569,1.157,372.879,0.093,37,0.997,47.04
55.25,0.79,506.683,0.16,29,1.214,38.28
41.86,1.25,295.083,0.239,27,1.192,-14.7
61.095,1.425,658.694,0.176,42,1.317,25.04
80.458,1.057,512.277,0.185,5,0.649,49.26
33.21,0.954,234.776,0.144,51,1.181,26.27
24.284,1.474,454.899,0.0,27,1.12,28.74
49.557,0.852,569.495,0.036,47,0.823,114.52
55.823,1.053,450.043,0.156,12,1.05,10.62
41.537,1.077,458.616,0.119,19,1.21,7.19
66.799,1.252,316.34,0.155,5,0.834,13.8
24.921,1.104,584.981,0.254,47,1.089,37.69
55.394,0.975,402.73,0.178,24,1.174,10.85
35.912,0.907,176.533,0.221,40,0.786,40.0
70.791,0.999,444.311,0.128,16,0.972,31.79
74.888,0.899,647.172,0.055,29,1.06,82.34
33.5,1.057,441.961,0.115,44,0.841,67.82
36.757,0.965,760.698,0.056,22,0.824,88.92
57.894,0.826,564.345,0.245,50,0.973,70.31
39.193,1.238,550.814,0.183,20,1.16,10.96
44.319,0.975,480.74,0.162,15,1.129,11.0
45.381,0.86,489.757,0.219,44,0.828,71.2
16.205,1.025,460.486,0.0,8,1.13,15.71
44.792,1.06,454.66,0.167,12,0.833,24.73
34.654,0.788,579.63,0.015,39,0.678,121.9
37.603,1.1,359.625,0.119,31,0.927,35.73
66.654,0.893,338.616,0.095,8,1.225,5.64
26.152,1.307,331.521,0.173,41,1.131,15.74
57.198,1.129,806.848,0.138,13,1.0,51.61
40.816,0.99,579.551,0.228,50,0.917,66.14
40.804,0.938,545.674,0.072,27,0.922,61.48
56.856,1.034,341.373,0.177,46,1.022,48.91
50.101,1.142,593.501,0.133,46,0.786,93.72
53.559,1.046,482.514,0.0,32,0.93,75.86
59.523,1.017,532.125,0.047,57,0.957,100.24
40.03,1.059,353.507,0.108,22,0.73,51.64
35.816,0.959,524.04,0.209,60,0.832,88.72
28.723,0.999,436.425,0.157,39,1.082,42.43
32.619,0.737,385.158,0.027,18,1.002,46.4
89.236,1.196,610.116,0.109,33,0.938,68.06
63.67,1.095,269.344,0.281,31,0.818,33.54
24.734,0.934,584.716,0.129,8,1.315,-2.18
25.163,1.335,602.673,0.094,31,0.832,61.3
52.228,1.063,368.053,0.159,34,1.05,30.96
53.209,0.895,376.951,0.181,11,0.902,26.43
53.233,1.179,466.546,0.084,39,1.007,61.86
41.176,1.11,542.305,0.16,55,1.092,62.83
43.118,1.109,477.072,0.094,25,0.726,73.78
49.918,0.986,565.034,0.178,18,0.999,32.76
46.288,1.118,764.447,0.134,20,1.238,29.24
11.71,1.011,423.842,0.159,21,1.352,-12.82
41.553,1.133,242.723,0.059,46,0.974,57.35
32.229,0.764,623.889,0.054,4,1.008,47.2
47.628,0.985,752.497,0.196,60,1.442,47.32
89.779,1.308,558.915,0.114,12,1.227,14.56
50.512,0.935,336.838,0.143,14,0.877,30.12
40.297,0.959,481.416,0.095,48,0.876,83.73
58.827,0.983,332.221,0.192,20,1.191,1.21
52.24,0.868,596.428,0.071,21,0.798,78.02
51.301,0.719,297.306,0.109,40,1.218,37.48
54.103,1.015,454.981,0.183,39,1.067,33.39
75.848,1.07,349.349,0.214,29,1.104,24.11
28.037,1.042,519.024,0.078,50,0.949,82.37
52.104,1.028,445.049,0.277,16,0.874,16.15
31.104,1.056,526.514,0.145,47,1.292,32.68
53.333,1.203,503.353,0.037,55,0.951,81.59
31.22,1.021,352.001,0.15,36,0.918,41.83
38.739,0.964,594.032,0.089,4,0.984,36.65
40.574,1.008,492.685,0.155,46,1.039,60.71
59.637,1.137,351.721,0.117,35,0.794,65.06
58.777,1.262,836.139,0.126,21,0.887,68.37
26.314,0.956,571.465,0.047,29,0.876,79.73
45.824,1.065,477.011,0.199,50,1.169,39.44
34.356,1.101,712.281,0.028,32,0.823,97.26
26.122,0.901,776.272,0.031,9,0.649,92.04
41.745,1.053,478.198,0.149,29,0.607,73.04
40.373,0.83,552.11,0.248,23,0.706,54.4
81.401,0.785,351.8,0.092,9,1.272,9.23
51.494,1.105,477.921,0.176,50,1.003,61.94
24.336,0.992,470.141,0.206,27,1.1,13.64
36.528,1.08,527.724,0.185,40,1.107,34.32
60.321,1.047,549.914,0.095,20,1.011,50.46
76.327,0.904,583.974,0.033,35,0.985,91.54
21.21,1.043,535.646,0.0,35,1.209,54.96
16.801,0.865,318.389,0.099,34,1.029,42.14
73.064,1.259,359.23,0.214,60,1.28,27.07
50.844,0.847,418.039,0.03,27,1.124,52.35
31.976,1.021,457.664,0.176,16,0.876,29.56
53.019,0.894,657.616,0.044,40,0.901,98.72
10.0,1.136,325.559,0.128,40,0.855,42.39
45.051,1.0,446.388,0.177,6,1.244,-15.44
49.917,0.972,642.951,0.067,46,0.919,105.4
58.864,1.178,455.018,0.134,20,0.84,42.99
29.792,1.054,569.062,0.087,12,1.064,32.74
46.285,1.127,479.069,0.176,37,0.981,42.94
31.119,0.903,538.517,0.139,37,1.059,56.24
48.831,0.839,465.729,0.125,42,1.378,36.66
31.57,1.066,600.06,0.245,56,1.183,47.39
38.878,1.002,268.242,0.173,25,1.005,17.73
30.063,1.144,445.503,0.065,27,0.718,73.16
54.767,1.038,544.486,0.113,3,0.9,35.53
57.877,1.081,580.054,0.114,20,1.142,38.98
41.481,0.806,723.943,0.126,17,0.766,74.26
45.574,1.333,441.346,0.322,27,1.428,-42.51
23.271,1.025,721.922,0.15,34,1.003,60.83
40.505,1.155,401.146,0.0,55,1.01,79.99
44.247,0.925,699.297,0.077,22,0.867,80.55
84.312,1.096,622.62,0.0,19,1.099,58.97
28.32,0.855,362.981,0.094,59,0.768,98.42
66.963,1.118,546.056,0.0,13,1.433,8.32
59.953,0.997,492.315,0.05,15,1.263,29.5
49.21,1.054,593.838,0.0,27,1.197,53.92
71.379,1.155,466.509,0.151,22,0.722,67.43
50.582,0.865,453.913,0.12,27,1.041,49.51
50.837,0.947,705.364,0.144,44,1.242,60.92
44.203,1.119,485.192,0.112,47,1.119,52.14
63.354,1.365,623.963,0.008,51,0.8,107.25
61.447,1.029,466.197,0.161,33,0.87,61.5
35.615,1.139,749.999,0.274,55,0.91,72.4
25.211,1.034,398.25,0.153,3,0.879,6.29
41.955,1.341,407.878,0.086,54,1.306,28.59
32.999,0.788,728.678,0.006,18,0.616,110.35
44.047,1.064,433.258,0.047,50,1.131,71.97
63.562,0.806,740.161,0.156,30,0.742,106.8
38.14,0.674,633.776,0.206,23,0.808,68.09
44.358,1.095,476.803,0.141,32,0.598,81.12
45.87,1.071,228.006,0.184,5,0.89,-2.99
57.726,1.007,497.102,0.177,36,1.302,19.59
11.297,1.034,515.245,0.161,8,1.053,9.34
35.899,1.515,675.083,0.067,45,0.76,95.11
48.169,1.011,738.267,0.134,31,1.203,45.75
63.001,1.127,397.252,0.052,5,1.246,1.88
37.621,0.953,620.177,0.121,60,1.021,90.26
16.852,1.094,614.81,0.146,35,1.407,10.39
54.296,1.014,661.012,0.254,13,1.164,11.71
35.47,0.988,574.803,0.015,47,1.137,73.81
27.155,1.323,208.625,0.159,7,0.839,-5.57
35.635,1.227,476.687,0.238,52,1.125,33.78
42.232,1.071,326.644,0.181,34,1.043,23.84
35.929,0.704,469.609,0.187,49,1.104,62.05
11.917,0.996,647.001,0.167,20,0.863,46.96
58.456,1.455,545.773,0.224,49,1.026,45.39
64.123,1.015,672.214,0.033,22,0.837,82.75
54.773,1.215,551.263,0.009,54,0.571,132.47
27.935,1.266,305.251,0.119,54,1.2,29.62
41.978,1.083,121.873,0.0,41,0.7,68.74
44.902,0.924,522.321,0.218,51,1.021,57.32
53.982,0.685,467.911,0.218,42,1.067,51.65
55.025,1.153,353.458,0.085,30,1.065,38.99
33.987,0.928,244.906,0.09,15,0.943,21.88
46.23,1.076,389.789,0.114,28,1.054,30.28
51.859,0.863,470.826,0.124,18,1.094,35.37
66.837,1.01,599.882,0.13,27,1.147,38.94
55.568,1.055,528.295,0.165,12,1.347,-14.27
56.836,1.09,741.21,0.106,31,1.047,65.92
46.257,0.883,344.659,0.195,48,1.013,45.81
66.157,1.23,632.159,0.156,40,0.819,73.86
51.146,0.96,507.095,0.071,22,1.087,47.15
32.084,0.799,604.2,0.227,56,1.133,65.99
66.051,1.034,434.523,0.011,28,0.962,71.7
55.469,1.055,660.752,0.113,34,1.109,62.64
38.354,1.074,544.284,0.197,41,0.941,58.71
37.808,1.254,398.083,0.062,40,1.134,31.93
49.449,1.015,498.196,0.145,51,1.183,55.54
51.948,1.032,464.067,0.163,55,1.18,51.39
47.959,0.885,573.377,0.051,26,1.024,63.45
49.67,1.173,323.033,0.114,33,0.792,56.95
70.499,1.078,495.597,0.107,42,0.878,74.74
61.073,0.987,559.296,0.076,14,1.119,31.47
47.86,0.764,504.953,0.304,60,1.49,22.09
59.12,1.267,702.041,0.059,59,0.932,109.91
29.512,0.866,616.103,0.2,38,1.091,48.6
50.969,0.961,498.878,0.089,12,0.889,45.16
72.14,1.104,532.503,0.033,8,0.805,65.53
41.729,0.871,544.35,0.128,9,0.865,47.58
32.285,0.826,560.495,0.172,55,0.584,117.51
35.219,0.731,226.151,0.194,33,1.271,0.28
28.656,1.158,454.771,0.245,29,0.554,54.18
33.229,0.968,277.334,0.356,10,0.947,-22.34
39.442,1.489,691.742,0.14,5,0.764,38.02
23.916,0.901,490.873,0.067,42,0.823,86.07
45.234,0.912,470.999,0.156,49,1.275,41.52
58.534,0.965,634.52,0.099,23,1.04,56.72
31.384,1.086,563.349,0.194,3,0.807,23.7
67.789,0.979,330.705,0.016,47,0.882,90.14
52.662,1.142,489.364,0.309,56,0.847,48.38
60.459,0.903,449.725,0.188,52,0.991,73.62
35.132,0.843,238.32,0.0,17,1.035,42.62
57.818,0.78,396.459,0.063,9,1.379,3.18
28.621,0.716,472.469,0.185,17,0.617,61.54
58.354,0.972,482.757,0.214,27,0.993,34.91
47.578,1.005,277.665,0.018,5,0.937,27.59
53.299,0.955,672.75,0.177,32,1.189,46.34
27.366,1.237,484.685,0.0,60,1.071,83.12
31.574,1.234,505.633,0.113,16,1.118,9.35
53.958,1.0,560.096,0.209,54,1.069,59.13
30.775,0.781,381.789,0.076,6,0.814,46.69
51.948,0.965,568.453,0.0,38,1.242,67.72
24.493,0.96,444.939,0.132,5,1.16,0.88
57.723,0.951,365.512,0.072,7,1.183,6.94
26.512,0.945,586.017,0.17,27,1.253,25.72
53.284,0.952,723.751,0.049,33,1.084,72.78
54.384,0.992,608.724,0.058,13,1.296,27.37
34.548,0.955,638.447,0.0,10,1.076,43.25
53.73,1.081,421.905,0.134,28,0.956,40.26
48.907,1.104,260.357,0.107,4,0.999,7.11
36.917,0.913,723.521,0.025,30,0.995,87.84
29.872,1.241,808.177,0.136,50,0.896,87.93
15.561,0.903,731.421,0.202,59,1.326,51.95
50.245,0.807,449.632,0.103,12,1.059,32.94
21.528,1.107,326.805,0.141,52,1.019,48.82
46.43,0.927,340.148,0.142,41,1.078,47.94
41.048,1.098,247.44,0.024,39,1.596,-3.84
55.187,0.689,483.893,0.285,41,0.774,64.98
40.469,1.259,740.852,0.082,23,0.831,71.32
40.058,1.151,478.751,0.172,30,0.724,56.7
55.978,0.825,545.348,0.182,40,0.953,64.81
50.026,0.828,706.34,0.109,58,1.049,104.76
49.742,1.301,439.386,0.169,35,0.907,40.39
52.039,0.939,805.33,0.14,13,0.892,65.94
21.966,0.925,798.814,0.007,47,1.028,102.55
56.352,0.71,480.333,0.093,46,0.9,97.48
54.187,0.997,413.37,0.071,3,1.062,13.27
29.75,1.016,604.586,0.083,55,1.223,65.1
41.339,1.157,447.871,0.016,49,1.135,65.0
44.41,0.84,326.517,0.21,35,1.176,24.43
42.983,0.822,692.186,0.248,5,1.217,4.41
50.008,1.118,682.467,0.198,28,1.057,43.99
66.471,1.201,523.327,0.222,17,0.968,25.73
61.227,0.814,310.57,0.092,43,0.846,94.37
25.317,1.212,315.571,0.069,16,0.922,22.61
54.331,1.056,516.084,0.058,25,0.895,71.04
64.934,1.214,425.019,0.172,56,1.146,52.64
50.802,1.039,448.836,0.138,58,1.069,72.83
61.365,0.672,653.294,0.114,10,1.139,50.98
75.184,1.027,609.977,0.224,56,0.768,98.03
60.356,1.209,706.721,0.152,38,1.286,37.29
48.74,0.916,351.407,0.053,22,0.915,54.56
60.676,0.992,448.521,0.066,54,0.78,107.17
47.173,1.024,613.847,0.175,8,0.912,33.48
45.359,0.615,567.212,0.203,35,1.497,22.82
39.729,1.301,729.857,0.164,30,0.922,52.41
68.451,0.915,563.081,0.272,52,0.935,69.73
32.724,1.126,777.216,0.251,40,0.962,56.88
67.986,1.037,581.003,0.155,32,0.97,59.5
52.498,1.239,659.325,0.053,48,0.844,94.19
24.01,1.111,451.473,0.015,45,1.029,66.8
50.515,1.015,502.143,0.089,19,1.215,26.55
13.5,0.916,636.642,0.18,11,1.063,23.41
54.383,1.17,741.947,0.266,30,0.778,56.43
58.278,0.769,609.386,0.153,56,0.931,98.2
36.115,1.147,487.524,0.213,9,0.89,11.98
46.853,0.885,706.6,0.1,48,1.011,86.86
74.312,1.238,171.203,0.17,30,1.266,-10.67
37.414,1.074,286.665,0.186,19,0.97,2.56
29.116,1.147,602.245,0.0,42,0.982,88.21
67.225,1.062,502.116,0.087,50,1.356,46.81
74.439,0.787,590.827,0.196,46,1.175,69.0
45.055,0.921,509.661,0.142,46,1.115,62.42
60.172,1.151,585.642,0.024,7,1.392,5.84
65.122,1.075,377.84,0.0,7,1.098,24.19
33.863,1.227,585.573,0.091,16,0.603,69.49
37.72,1.11,649.162,0.114,8,1.167,15.31
63.463,0.905,683.083,0.049,9,0.682,91.11
70.275,0.931,802.033,0.131,57,1.09,100.72
53.443,1.065,536.615,0.161,55,0.657,108.94
31.803,0.703,541.087,0.174,19,0.907,50.09
74.806,1.301,271.524,0.0,11,0.927,32.48
37.035,1.116,420.288,0.015,33,0.846,70.28
39.973,1.234,471.038,0.096,24,0.93,40.4
50.135,0.813,657.548,0.166,47,1.207,61.17
68.312,1.237,408.35,0.159,11,0.857,25.15
57.81,1.385,619.451,0.158,18,1.109,17.35
51.223,0.852,499.757,0.089,38,0.807,91.12
51.949,1.166,473.425,0.094,36,0.962,64.44
45.653,1.05,537.334,0.062,47,1.065,74.1
53.372,0.818,441.327,0.181,15,0.801,50.15
10.0,1.124,435.644,0.046,21,0.738,58.41
40.551,1.175,244.282,0.188,14,1.098,-16.54
48.62,0.96,462.807,0.137,38,1.225,35.43
27.735,1.225,428.005,0.116,12,0.984,12.71
50.795,0.8,422.603,0.067,18,0.909,58.66
41.933,0.826,562.531,0.012,30,1.031,73.13
71.332,1.07,598.795,0.068,58,1.011,96.55
68.595,1.054,534.829,0.094,21,1.049,48.79
38.013,0.943,649.312,0.0,42,0.5,145.14
42.737,1.171,586.334,0.104,8,0.786,49.19
43.891,1.13,455.742,0.194,6,0.831,17.89
38.225,1.179,430.572,0.165,32,1.03,30.98
47.925,1.032,546.923,0.08,41,1.037,71.81
33.626,1.14,586.065,0.124,33,1.127,42.13
28.041,0.983,709.677,0.076,48,1.052,82.68
54.341,1.358,678.676,0.132,29,0.74,68.83
54.443,0.928,418.779,0.243,47,1.289,20.83
32.935,1.366,484.699,0.197,23,1.254,-12.95
58.43,1.055,600.653,0.162,39,0.748,85.07
35.526,0.844,660.2,0.081,11,1.067,38.29
48.797,1.255,640.845,0.18,37,0.881,66.8
57.305,1.069,490.418,0.0,44,1.028,82.6
44.496,1.178,311.897,0.1,49,1.211,35.25
51.821,1.234,350.16,0.167,54,1.426,16.31
37.254,1.101,540.895,0.179,23,1.15,7.57
42.053,0.961,551.334,0.174,19,1.059,26.33
41.912,1.196,335.198,0.144,57,0.932,61.26
33.801,1.05,506.685,0.104,26,1.036,39.6
42.348,1.153,594.684,0.163,33,1.272,21.32
21.771,0.727,327.316,0.044,8,0.991,35.75
37.633,1.117,665.75,0.052,59,0.823,119.54
40.727,0.954,443.37,0.125,37,0.676,87.41
41.157,1.298,688.642,0.134,52,1.103,65.18
41.378,1.143,419.982,0.0,39,1.049,58.54
44.074,1.086,346.006,0.156,15,0.871,16.59
52.192,1.123,431.279,0.182,27,1.205,4.2
58.118,0.9,485.728,0.114,34,0.916,71.46
35.254,1.293,441.728,0.31,3,0.973,-28.24
26.952,1.349,467.6,0.065,51,0.997,61.97
29.369,1.109,550.095,0.091,60,0.93,90.17
37.692,1.289,474.323,0.088,37,1.047,50.98
39.721,0.965,490.083,0.114,60,1.23,61.11
33.45,0.93,243.616,0.094,21,0.772,49.28
25.558,1.056,558.755,0.007,55,1.098,85.98
38.158,1.115,486.62,0.076,54,1.034,74.53
47.721,0.991,741.544,0.112,56,1.031,102.15
53.925,1.131,359.065,0.218,14,1.174,-8.67
36.639,1.096,228.756,0.296,42,1.01,6.82
38.805,0.9,592.71,0.227,42,1.096,49.85
31.1,1.128,551.979,0.058,49,1.143,65.76
44.528,1.18,348.735,0.064,45,0.899,67.53
32.274,1.076,270.538,0.107,22,1.06,14.97
53.597,1.223,730.61,0.263,35,0.95,45.23
18.212,0.867,712.117,0.107,31,0.973,69.57
39.606,1.12,126.881,0.014,18,0.936,23.82
49.517,0.874,431.267,0.08,16,1.094,36.63
47.758,0.883,749.629,0.181,9,1.016,38.67
85.396,0.955,428.591,0.175,8,1.079,11.23
50.247,0.909,426.408,0.104,23,0.996,42.45
29.939,0.968,457.586,0.175,38,0.679,63.13
43.568,1.018,331.865,0.0,24,1.006,47.46
18.356,1.176,244.284,0.128,42,1.013,28.55
43.791,1.002,657.882,0.189,56,1.049,75.36
32.504,0.812,223.559,0.053,21,0.881,52.74
58.731,1.221,537.091,0.053,27,0.761,79.61
36.757,0.924,632.987,0.0,5,1.125,42.95
43.249,1.041,282.316,0.247,38,0.945,19.42
35.467,1.117,361.36,0.062,47,1.034,57.55
71.083,1.08,681.977,0.139,55,0.944,96.71
40.181,1.214,579.934,0.168,36,0.999,42.82
72.488,1.122,407.407,0.241,13,0.91,11.62
57.212,0.921,680.337,0.108,50,0.806,106.93
52.231,1.377,680.98,0.077,44,1.095,60.66
50.531,1.079,540.358,0.134,49,0.879,85.45
50.907,1.028,364.976,0.223,29,1.033,18.94
16.085,1.195,437.983,0.106,44,1.082,39.44
40.817,1.087,542.958,0.044,4,0.883,42.62
57.677,1.11,471.711,0.0,8,0.759,68.15
44.267,1.424,640.844,0.022,48,1.485,35.89
23.922,1.009,270.534,0.189,4,0.894,-2.26
44.214,1.002,275.86,0.094,44,1.125,39.22
70.562,1.067,527.131,0.071,19,1.388,14.0
63.703,1.211,426.268,0.063,42,1.158,51.14
44.07,0.824,405.943,0.127,60,0.94,95.73
59.272,0.755,234.791,0.101,50,0.987,76.48
39.502,0.962,502.932,0.098,16,0.833,55.82
19.442,0.805,492.087,0.228,12,1.176,-3.15
31.133,0.986,598.022,0.243,47,1.113,48.39
68.443,1.125,510.336,0.0,35,0.897,90.21
40.89,0.916,480.109,0.146,44,0.792,74.23
41.349,0.836,676.55,0.058,56,0.736,130.25
40.502,1.06,303.13,0.1,14,1.197,0.02
73.562,1.179,580.458,0.145,34,1.024,48.68
69.389,0.796,249.328,0.103,51,1.043,66.05
78.282,1.173,374.246,0.138,26,0.835,47.85
42.614,1.173,318.101,0.174,16,0.707,30.25
49.434,1.193,617.291,0.144,7,1.193,3.43
22.25,1.233,490.188,0.068,53,1.008,67.65
67.154,1.38,497.975,0.07,7,1.181,8.77
27.483,0.997,333.99,0.005,49,0.923,80.62
48.252,1.066,455.046,0.052,34,0.953,64.12
28.54,0.988,385.48,0.277,47,1.143,13.62
36.167,1.05,557.518,0.057,51,1.146,75.15
32.441,1.28,351.336,0.025,35,1.16,29.07
35.882,0.848,699.469,0.146,48,0.941,87.25
36.913,0.921,248.663,0.111,6,1.123,-3.99
36.776,1.257,379.022,0.104,59,1.222,41.6
57.5,1.203,751.58,0.233,32,0.979,48.06
28.427,0.996,434.729,0.164,43,0.897,59.44
48.308,1.178,302.768,0.078,19,1.269,-2.33
63.269,1.101,532.861,0.086,5,0.869,50.72
37.302,1.275,428.691,0.08,15,1.126,9.49
34.231,1.061,374.619,0.19,46,0.988,45.79
41.542,1.204,335.619,0.095,50,0.632,83.19
62.696,1.446,915.256,0.0,38,1.226,73.47
47.912,1.14,462.267,0.116,20,0.5,74.22
37.032,1.057,211.165,0.0,25,0.603,71.81
52.258,1.158,724.056,0.295,37,1.105,33.58
28.466,0.995,591.661,0.043,51,1.105,84.09
55.22,1.408,385.03,0.107,35,0.872,48.85
51.129,1.077,360.032,0.141,53,1.03,57.78
40.383,1.009,601.021,0.097,56,0.5,134.08
32.421,0.925,462.962,0.097,38,1.141,51.35
31.7,1.215,211.103,0.154,19,1.05,0.93
53.022,1.18,768.086,0.242,41,0.991,59.12
63.435,0.975,434.901,0.181,36,1.004,51.07
35.44,1.136,724.336,0.238,14,1.099,13.47
51.876,0.824,691.765,0.036,7,0.994,64.55
13.695,1.078,349.849,0.145,50,0.625,77.2
36.231,1.118,654.978,0.132,42,1.439,24.65
44.534,1.306,402.284,0.148,57,1.24,36.19
31.355,0.934,219.995,0.23,29,0.743,37.09
30.952,0.858,436.31,0.102,42,0.931,68.05
34.983,0.916,559.646,0.088,15,0.953,41.07
49.383,0.85,430.59,0.163,28,1.216,21.37
42.19,1.25,453.943,0.0,16,0.568,83.36
11.427,1.282,671.535,0.101,34,0.9,54.63
13.189,1.098,515.974,0.109,13,0.648,50.08
35.897,1.233,373.505,0.046,40,0.943,58.71
51.865,1.07,605.305,0.205,18,0.905,37.82
10.0,1.036,529.651,0.035,57,1.016,87.84
37.504,1.0,121.759,0.109,59,0.879,62.05
37.106,1.003,564.253,0.143,24,0.85,55.12
65.825,0.818,558.774,0.228,59,1.124,75.81
39.225,1.09,503.018,0.119,49,1.091,54.96
50.745,1.044,633.755,0.195,18,1.11,29.05
47.119,1.162,399.141,0.176,15,0.965,9.85
13.042,1.064,550.475,0.13,14,0.886,36.82
56.523,1.026,264.956,0.033,20,0.976,38.6
48.231,0.919,561.064,0.005,31,1.1,66.19
52.624,1.061,792.959,0.129,20,0.565,97.43
103.894,1.161,350.772,0.077,48,1.079,70.46
13.738,0.878,386.03,0.194,4,1.062,-9.16
70.87,1.063,393.498,0.18,56,1.012,69.34
40.688,1.085,519.5,0.105,4,0.97,27.8
49.31,0.942,340.545,0.027,5,0.5,70.66
44.317,0.962,563.187,0.161,31,0.912,54.65
38.636,1.085,627.026,0.039,58,1.358,62.92
36.453,0.88,580.152,0.059,10,1.003,42.88
49.943,1.102,234.738,0.042,13,0.939,30.59
22.242,0.916,649.275,0.109,14,1.003,44.33
56.259,1.209,640.605,0.214,34,1.071,36.05
38.757,1.401,624.524,0.12,6,1.132,2.19
28.049,0.921,555.926,0.085,11,0.954,46.62
38.25,1.13,533.028,0.0,26,1.085,60.09
63.857,0.941,654.858,0.164,51,1.335,56.23
36.97,1.206,788.527,0.058,58,1.201,76.32
50.377,0.86,357.044,0.129,18,1.468,-10.6
34.036,1.122,661.719,0.092,19,0.869,62.21
56.369,0.919,487.067,0.187,49,1.335,36.32
55.283,1.019,480.549,0.107,54,0.842,97.74
72.729,0.895,269.52,0.115,60,1.071,74.58
42.367,1.173,457.282,0.159,24,1.146,8.41
55.03,0.924,350.41,0.289,9,0.898,-0.93
46.471,1.133,430.422,0.191,12,1.018,5.0
64.438,0.998,335.272,0.113,31,1.182,32.47
34.218,1.033,432.664,0.12,38,0.858,60.87
56.175,1.072,439.083,0.078,26,1.334,19.04
42.08,0.936,514.513,0.044,58,0.723,124.77
44.037,1.082,257.788,0.076,48,1.388,26.41
46.376,1.28,283.172,0.058,16,1.2,-1.21
48.784,0.933,554.287,0.172,16,0.982,29.08
43.257,1.226,380.384,0.034,27,0.919,52.42
48.221,1.275,661.179,0.227,48,0.899,72.0
68.672,0.928,533.79,0.18,24,0.973,50.23
59.782,0.832,591.014,0.122,54,0.99,93.36
58.037,1.095,711.604,0.12,52,1.251,64.25
38.167,0.968,453.543,0.075,49,1.394,36.1
31.661,1.33,413.827,0.142,25,1.04,21.08
59.33,1.055,630.755,0.207,34,0.831,66.41
58.141,0.93,576.427,0.064,28,0.891,77.21
67.09,0.878,471.9,0.0,53,0.963,108.22
35.94,1.213,708.719,0.176,29,0.794,62.63
41.557,0.964,468.163,0.146,47,0.764,91.1
20.408,1.057,504.916,0.03,14,1.419,-3.5
39.113,1.193,503.183,0.061,21,1.061,39.32
59.949,0.977,359.811,0.051,21,0.833,61.7
38.003,1.043,511.638,0.062,54,1.163,74.15
54.607,1.048,709.514,0.094,36,0.764,105.3
42.142,1.152,566.745,0.099,34,0.781,77.16
49.861,1.139,504.66,0.068,31,0.839,69.98
27.785,1.017,475.735,0.059,23,1.331,15.26
46.278,1.06,549.63,0.102,37,0.949,67.5
10.0,0.994,612.465,0.133,44,0.512,103.2
42.197,0.828,591.386,0.095,7,1.242,24.44
20.543,1.089,450.22,0.213,14,0.939,9.45
63.09,1.334,548.717,0.161,9,0.63,44.45
56.661,0.917,571.991,0.0,43,0.937,95.69
52.0,0.934,348.921,0.162,4,1.104,-10.95
67.815,0.919,525.235,0.168,27,1.081,45.41
30.766,1.159,175.804,0.085,12,1.36,-34.29
71.21,1.117,572.38,0.0,40,0.829,103.56
58.983,1.026,599.051,0.121,46,1.009,79.59
41.452,0.912,612.132,0.119,8,0.86,47.57
62.034,1.064,440.743,0.03,29,0.692,91.96
28.406,0.815,546.357,0.004,37,1.177,68.43
32.632,1.072,713.593,0.113,12,1.093,32.03
35.871,1.181,712.065,0.101,11,1.057,27.29
37.065,0.862,495.624,0.087,22,1.085,39.25
29.152,0.82,520.898,0.113,39,0.863,81.46
63.346,1.287,666.637,0.032,37,0.799,94.94
41.117,0.958,274.88,0.085,39,1.008,53.85
50.288,1.22,451.539,0.163,42,1.232,32.74
36.445,1.027,700.336,0.092,10,1.322,16.5
17.691,1.026,646.28,0.0,48,1.159,84.45
49.051,1.116,555.39,0.082,58,1.006,91.41
16.316,0.917,274.125,0.034,56,1.054,66.65
43.97,1.07,492.513,0.141,33,1.002,47.28
24.475,0.993,411.513,0.146,51,0.795,84.51
74.809,0.852,549.656,0.0,45,1.005,102.8
58.67,1.101,378.598,0.181,60,0.733,86.11
46.586,1.011,346.141,0.031,18,0.975,38.19
63.956,1.026,190.27,0.245,30,1.327,-20.61
32.305,0.868,683.271,0.116,8,1.165,22.98
53.152,1.289,440.034,0.02,34,0.815,80.47
47.997,1.182,523.572,0.029,30,0.986,62.79
48.96,1.195,499.664,0.148,13,0.833,38.22
64.085,1.004,339.885,0.089,44,0.987,64.6
55.987,0.791,311.14,0.112,25,1.208,20.01
49.331,1.343,349.203,0.249,32,1.131,-9.42
20.177,1.041,391.525,0.064,11,1.497,-27.35
30.599,0.938,554.991,0.125,30,1.238,31.81
43.159,1.113,380.642,0.234,26,1.041,10.97
46.401,1.225,761.974,0.142,30,1.135,47.43
28.047,1.047,654.073,0.0,26,0.96,69.54
81.175,1.242,621.254,0.16,17,0.774,58.48
67.746,1.212,482.051,0.027,41,1.261,46.84
54.032,0.889,727.142,0.233,52,1.202,63.69
46.081,0.949,467.299,0.054,35,0.952,73.16
41.817,1.194,495.311,0.358,49,1.055,14.58
30.721,0.643,525.496,0.237,36,1.248,31.14
46.162,1.028,605.273,0.056,24,1.169,53.89
48.866,0.835,595.536,0.122,31,0.707,96.12
26.374,0.979,428.731,0.18,36,1.049,32.96
50.013,1.005,420.051,0.183,44,0.966,53.21
42.671,0.996,595.985,0.155,54,1.223,57.69
16.383,0.967,607.285,0.22,49,1.206,35.99
32.094,0.885,440.997,0.11,12,1.264,4.87
38.796,1.394,261.922,0.091,53,0.776,62.87
73.315,1.33,468.903,0.092,56,0.843,84.48
53.348,0.876,593.529,0.189,47,1.223,52.97
24.968,1.287,770.813,0.149,32,0.882,62.44
52.291,0.99,320.306,0.143,58,0.696,93.63
21.79,1.069,436.014,0.184,13,1.107,-7.67
61.24,1.041,441.589,0.0,56,0.891,109.47
37.933,0.951,703.371,0.145,36,1.358,32.17
43.595,1.198,494.759,0.137,23,1.059,24.9
64.887,1.069,363.901,0.254,15,1.032,6.39
25.693,0.979,583.804,0.0,56,0.926,111.47
24.043,0.854,439.304,0.245,27,1.318,-11.93
36.246,0.916,316.342,0.126,56,1.072,55.53
60.576,0.804,366.084,0.159,60,0.918,88.46
22.21,1.052,760.106,0.254,23,0.841,41.58
10.0,0.871,557.631,0.165,3,0.985,6.85
38.233,1.01,516.164,0.152,60,0.804,98.6
53.276,1.256,462.516,0.139,7,1.206,-8.01
63.004,1.23,543.822,0.081,55,0.638,119.27
38.053,1.045,542.035,0.118,24,0.972,46.95
38.829,1.037,543.825,0.063,9,1.122,24.53
62.309,1.332,517.227,0.116,15,1.068,17.67
16.954,1.128,630.32,0.0,47,0.857,102.21
39.172,1.001,503.466,0.154,54,1.132,64.27
47.856,0.836,353.309,0.11,25,0.823,57.32
51.738,1.109,408.137,0.093,23,0.996,34.14
37.353,1.174,203.147,0.138,8,1.13,-25.11
45.517,0.955,804.023,0.005,22,1.093,73.58
10.0,1.094,629.413,0.274,14,0.865,16.53
35.126,0.995,375.489,0.112,42,1.239,24.31
51.803,1.022,457.723,0.108,11,1.017,28.32
30.266,0.677,404.469,0.043,52,1.149,79.09
45.885,1.017,731.382,0.122,30,1.306,32.57
51.703,1.195,287.018,0.231,13,1.224,-33.73
39.862,0.955,517.171,0.203,54,1.224,45.65
47.557,1.058,483.721,0.188,34,1.039,36.77
30.559,0.937,624.026,0.164,13,1.159,18.93
41.901,1.104,484.399,0.091,26,1.043,40.04
54.153,1.018,236.269,0.004,58,0.758,110.42
47.355,0.909,462.332,0.104,17,1.061,32.92
36.202,1.25,354.176,0.101,43,1.051,37.01
48.363,1.189,511.937,0.204,37,1.117,24.17
55.719,0.959,715.127,0.145,19,0.974,59.3
14.251,1.125,239.086,0.249,27,0.848,7.06
62.386,1.131,379.967,0.216,51,1.131,38.97
39.956,1.146,417.096,0.083,37,0.737,77.59
51.382,0.796,442.755,0.0,21,1.292,31.67
62.959,1.201,611.019,0.231,43,0.954,52.11
24.425,0.965,473.968,0.229,33,1.049,21.85
34.358,0.996,562.37,0.011,19,1.112,44.83
40.672,1.446,406.134,0.241,57,1.118,22.77
33.244,1.095,534.489,0.151,52,0.718,95.78
71.024,0.992,616.67,0.133,25,1.165,47.42
32.148,0.719,390.155,0.249,49,1.061,44.01
36.667,1.258,617.204,0.228,3,0.873,8.58
48.066,0.848,507.856,0.172,60,0.85,95.2
26.968,0.899,656.819,0.158,12,0.933,41.19
39.065,1.0,469.787,0.169,10,0.74,40.26
49.762,1.262,557.187,0.088,44,1.344,37.87
40.007,1.166,493.909,0.116,28,1.297,15.75
43.599,1.026,485.568,0.048,36,1.09,50.44
37.06,1.096,538.84,0.093,21,0.955,45.2
22.283,0.96,580.521,0.091,16,0.961,49.42
49.824,1.071,312.565,0.069,10,1.152,4.7
71.324,1.061,715.045,0.131,53,1.352,67.12
45.276,1.195,221.051,0.094,3,0.886,4.42
48.379,1.195,397.278,0.16,50,0.776,73.32
55.391,1.124,485.86,0.0,27,1.31,30.98
25.96,0.996,561.853,0.111,26,0.643,76.32
70.538,1.161,736.426,0.131,49,0.798,109.53
48.035,1.036,221.256,0.095,22,0.951,31.41
69.478,0.888,423.846,0.106,58,0.688,118.99
34.005,0.99,180.975,0.0,32,1.222,21.45
72.271,1.063,504.743,0.149,7,1.171,8.54
56.627,1.187,540.753,0.172,5,0.885,26.66
53.296,1.022,738.619,0.159,34,1.256,50.3
48.51,0.869,518.095,0.203,19,1.29,3.8
41.272,1.059,656.604,0.136,44,0.977,68.62
63.008,1.067,587.576,0.158,7,0.91,37.56
47.105,1.078,434.713,0.132,13,1.452,-21.22
15.494,1.188,288.656,0.175,40,1.144,11.65
28.242,1.203,541.25,0.0,6,1.051,29.62
42.212,0.961,276.185,0.049,41,1.273,30.63
49.65,0.958,694.281,0.247,21,1.06,31.27
44.151,0.894,475.691,0.0,41,0.899,99.15
63.285,1.155,679.277,0.109,48,1.016,82.92
15.733,1.267,427.968,0.214,51,1.208,12.32
47.154,1.003,540.328,0.113,25,0.602,80.52
17.73,1.014,531.402,0.088,19,0.942,40.5
56.396,1.27,493.243,0.13,15,1.277,-3.88
43.583,1.126,435.101,0.092,29,0.898,55.89
51.294,1.115,558.868,0.122,3,1.309,-11.88
32.042,0.871,361.076,0.065,4,1.283,0.49
64.192,1.152,318.585,0.209,20,0.987,5.93
60.626,0.911,686.424,0.234,38,0.886,81.11
53.753,0.88,609.075,0.109,47,0.943,98.46
43.057,0.998,509.884,0.009,35,1.533,26.28
53.698,0.962,749.771,0.078,38,1.375,48.86
34.397,1.017,459.835,0.105,4,1.025,14.14
57.833,0.834,698.405,0.16,6,0.878,51.17
69.742,1.194,526.336,0.039,18,1.023,44.11
61.059,1.219,346.287,0.058,6,1.049,13.44
34.056,0.758,777.206,0.161,59,0.751,124.86
50.421,1.197,648.607,0.195,11,1.016,16.84
25.603,0.928,481.847,0.07,51,1.264,54.32
53.586,1.179,609.076,0.013,23,0.64,94.57
51.759,1.04,439.444,0.383,25,1.165,-11.27
16.953,1.054,624.372,0.183,54,1.275,40.2
27.573,1.022,141.338,0.099,55,0.888,62.13
40.753,1.232,347.03,0.19,4,1.339,-43.76
40.487,0.864,646.889,0.11,5,0.862,52.78
26.858,1.141,462.552,0.189,25,1.088,13.42
50.835,1.215,531.131,0.133,28,0.939,49.88
48.772,1.157,297.982,0.127,49,0.939,57.1
42.086,1.399,777.18,0.111,9,0.877,43.91
33.663,0.971,678.579,0.004,38,1.14,77.85
60.731,1.194,469.897,0.275,46,1.17,20.92
69.831,1.034,439.296,0.045,35,0.987,67.18
37.747,1.235,654.441,0.011,51,0.728,117.74
35.817,1.049,797.371,0.103,38,1.081,73.84
52.368,0.992,643.064,0.043,6,1.084,42.36
39.63,1.246,825.77,0.116,56,0.957,98.72
42.909,0.976,361.647,0.175,25,1.373,-9.59
56.095,0.838,377.092,0.2,27,0.687,62.63
16.36,0.972,321.659,0.185,43,0.557,73.8
64.775,1.143,566.264,0.096,28,0.854,71.05
46.09,1.259,526.341,0.124,30,1.142,27.7
38.828,1.067,477.207,0.153,30,0.789,59.06
43.661,1.248,621.389,0.0,23,0.804,82.66
44.436,0.846,684.849,0.166,12,1.19,22.17
19.032,0.984,271.151,0.003,29,1.093,38.92
67.424,1.007,410.454,0.283,53,1.075,41.85
45.62,1.033,623.022,0.088,53,1.156,82.95
51.645,1.063,429.839,0.105,17,0.915,39.02
59.273,1.154,380.269,0.058,56,0.924,88.52
29.683,0.983,652.781,0.07,19,1.162,39.45
52.102,1.071,306.575,0.302,41,0.731,37.28
40.985,1.043,454.763,0.195,37,0.571,77.62
57.702,0.911,549.297,0.0,7,0.913,65.7
13.092,1.033,413.927,0.24,18,1.186,-18.0
43.514,1.028,617.473,0.215,25,1.051,23.81
35.958,1.025,414.668,0.098,41,1.171,41.08
51.484,1.055,711.293,0.145,50,0.597,117.98
52.051,1.061,481.138,0.119,11,1.063,21.42
34.386,0.985,600.691,0.278,35,1.131,28.76
34.317,1.241,611.904,0.056,37,0.73,92.59
43.34,0.875,405.869,0.132,59,1.172,68.84
31.55,0.942,191.977,0.086,42,0.978,45.64
57.63,1.467,554.113,0.005,52,1.614,26.1
39.462,0.894,510.843,0.295,26,0.565,56.99
10.0,0.847,583.374,0.025,26,1.274,37.34
39.378,1.16,466.021,0.138,52,0.921,66.28
29.422,0.738,435.436,0.0,26,0.677,92.72
20.531,1.015,801.271,0.088,21,0.895,75.6
26.439,1.372,279.147,0.154,41,1.055,8.54
46.641,0.818,610.093,0.054,27,1.207,59.77
64.93,0.753,413.81,0.167,54,1.344,51.57
49.698,0.825,449.633,0.098,33,1.284,37.65
35.902,1.185,452.435,0.213,40,0.807,46.98
51.839,1.219,379.485,0.229,27,1.226,-13.6
38.114,0.973,585.684,0.073,29,1.078,53.76
34.581,1.152,708.597,0.126,34,0.869,75.16
27.685,1.259,570.502,0.135,13,0.958,22.65
18.723,1.318,515.507,0.17,7,0.858,6.66
39.151,1.013,352.034,0.121,46,1.007,58.87
47.371,0.705,577.524,0.135,35,0.854,91.49
43.551,0.927,823.452,0.101,21,0.794,88.41
38.76,0.986,442.896,0.129,45,1.096,52.38
30.814,1.011,443.602,0.224,49,1.126,29.75
54.124,1.022,415.837,0.172,59,0.962,72.34
25.243,1.218,426.588,0.176,18,1.274,-15.58
56.64,1.241,88.205,0.178,37,0.948,17.21
29.967,1.024,560.755,0.108,13,0.939,36.48
33.713,1.215,373.167,0.146,13,1.132,-7.69
22.998,1.104,258.461,0.033,12,0.974,16.97
37.479,1.06,612.978,0.222,36,1.017,42.0
59.63,1.186,337.697,0.0,54,0.5,129.59
52.734,1.061,449.2,0.113,7,1.003,13.78
59.676,1.359,719.966,0.211,25,0.635,68.85
52.832,0.834,288.618,0.011,57,0.756,116.15
28.445,0.973,270.11,0.152,27,0.733,43.85
40.038,1.031,540.396,0.066,31,0.791,78.67
33.297,1.116,672.423,0.09,42,0.89,83.02
64.959,1.24,263.849,0.196,15,0.903,5.61
27.048,1.046,561.153,0.136,49,1.133,55.45
58.405,0.837,587.15,0.0,34,1.044,88.02
58.394,1.176,191.126,0.042,36,0.62,71.12
72.444,1.163,619.775,0.198,14,1.017,29.42
38.855,0.759,631.491,0.156,26,1.064,51.05
55.685,1.049,453.232,0.26,42,0.934,51.15
79.225,0.811,687.852,0.255,23,0.988,47.67
35.735,0.95,670.468,0.093,31,1.038,62.0
21.974,0.915,515.468,0.32,53,1.153,27.49
16.8,1.171,432.283,0.122,59,0.685,94.57
55.691,1.068,354.076,0.043,25,0.951,44.25
16.753,0.857,494.365,0.069,35,1.302,31.94
39.415,1.182,585.464,0.0,10,1.283,20.99
51.56,0.835,451.373,0.249,44,1.17,30.88
